Date,Mode,Rank,Priority,Stock,Signal,Conviction,Entry,Stop,Target,RR,Current Price,Status,First Hit,Hit Date,Stop Away,Target Away,Result,R,Days,Notes
2026-10-08,Intraday,1,Highest Priority,MU,BUY,94,1090.18,1077.96,1114.61,2.0,1072.98,Pending Trigger,,,-$4.98 / -0.46%,+$41.63 / +3.88%,,,0,Top 3 Intraday scanner pick
2026-10-08,Intraday,2,Highest Priority,NKE,BUY,94,34.46,33.86,35.65,2.0,34.27,Active After Trigger,,,+$0.41 / +1.21%,+$1.38 / +4.02%,,,0,Top 3 Intraday scanner pick
2026-10-07,Intraday,1,Highest Priority,CRM,SELL,94,223.24,226.52,216.7,2.0,222.45,Stop Hit First,Stop,2026-10-08,+$4.07 / +1.83%,+$5.75 / +2.58%,Loss,-1,1,Top 3 Intraday scanner pick
2026-10-07,Intraday,2,Highest Priority,INTC,SELL,94,111.88,115.35,104.92,2.0,109.5,Active After Trigger,,,+$5.85 / +5.34%,+$4.58 / +4.19%,,,1,Top 3 Intraday scanner pick
2026-10-07,Intraday,3,Highest Priority,NKE,BUY,94,34.69,34.05,35.97,2.0,34.27,Pending Trigger,,,+$0.22 / +0.65%,+$1.70 / +4.95%,,,1,Top 3 Intraday scanner pick
2026-10-07,Intraday,1,Highest Priority,SBUX,BUY,94,96.61,95.47,98.89,2.0,89.26,Pending Trigger,,,-$6.21 / -6.96%,+$9.63 / +10.79%,,,1,Top 3 Intraday scanner pick
2026-10-06,Swing,1,Highest Priority,ABBV,BUY,94,267.87,256.92,289.78,2.0,265.8,Active After Trigger,,,+$8.88 / +3.34%,+$23.98 / +9.02%,,,2,Top 3 Swing scanner pick
2026-10-06,Intraday,1,Highest Priority,ABBV,BUY,94,267.0,262.69,275.63,2.0,265.79,Stop Hit First,Stop,2026-10-06,+$3.10 / +1.17%,+$9.84 / +3.70%,Loss,-1,0,Top 3 Intraday scanner pick
2026-10-05,Intraday,1,Highest Priority,ISRG,SELL,94,390.62,396.96,377.92,2.0,414.31,Stop Hit First,Stop,2026-10-05,-$17.35 / -4.19%,+$36.39 / +8.78%,Loss,-1,0,Top 3 Intraday scanner pick
2026-10-04,Intraday,1,Highest Priority,ISRG,SELL,94,390.62,396.96,377.92,2.0,414.31,Stop Hit First,Stop,2026-10-05,-$17.35 / -4.19%,+$36.39 / +8.78%,Loss,-1,1,Top 3 Intraday scanner pick
2026-10-03,Intraday,1,Highest Priority,ISRG,SELL,94,390.62,396.96,377.92,2.0,414.31,Stop Hit First,Stop,2026-10-05,-$17.35 / -4.19%,+$36.39 / +8.78%,Loss,-1,2,Top 3 Intraday scanner pick
2026-10-02,Swing,1,Highest Priority,NKE,SELL,94,34.95,37.23,30.38,2.0,34.27,Active After Trigger,,,+$2.96 / +8.63%,+$3.89 / +11.36%,,,6,Top 3 Swing scanner pick
2026-10-02,Swing,2,Highest Priority,QQQ,BUY,94,746.16,713.13,812.21,2.0,753.65,Active After Trigger,,,+$40.52 / +5.38%,+$58.56 / +7.77%,,,6,Top 3 Swing scanner pick
2026-10-02,Swing,1,Highest Priority,QQQ,BUY,94,746.16,713.13,812.21,2.0,753.65,Active After Trigger,,,+$40.52 / +5.38%,+$58.56 / +7.77%,,,6,Top 3 Swing scanner pick
2026-10-02,Intraday,1,Highest Priority,ABT,SELL,94,96.35,97.74,93.57,2.0,97.35,Stop Hit First,Stop,2026-10-05,+$0.39 / +0.40%,+$3.78 / +3.88%,Loss,-1,3,Top 3 Intraday scanner pick
2026-10-02,Intraday,2,Highest Priority,AMD,BUY,94,619.69,609.36,640.34,2.0,633.35,Target Hit First,Target,2026-10-02,+$23.99 / +3.79%,+$6.99 / +1.10%,Win,2.0,0,Top 3 Intraday scanner pick
2026-10-02,Intraday,3,Highest Priority,AVGO,SELL,94,342.6,351.12,325.57,2.0,372.41,Pending Trigger,,,-$21.29 / -5.72%,+$46.84 / +12.58%,,,6,Top 3 Intraday scanner pick
2026-10-02,Swing,1,Highest Priority,IBM,SELL,90,224.05,239.29,193.56,2.0,220.21,Active After Trigger,,,+$19.08 / +8.66%,+$26.65 / +12.10%,,,6,Top 3 Swing scanner pick
2026-10-02,Intraday,1,Highest Priority,INTC,BUY,94,121.2,119.22,125.16,2.0,109.5,Target Hit First,Target,2026-10-02,-$9.72 / -8.87%,+$15.66 / +14.30%,Win,2.0,0,Top 3 Intraday scanner pick
2026-10-01,Swing,1,Highest Priority,AXP,SELL,94,303.0,317.96,273.1,2.0,302.25,Active After Trigger,,,+$15.71 / +5.20%,+$29.15 / +9.64%,,,7,Top 3 Swing scanner pick
2026-10-01,Swing,2,Highest Priority,EOG,SELL,94,137.08,146.49,118.26,2.0,147.16,Pending Trigger,,,-$0.67 / -0.46%,+$28.90 / +19.64%,,,7,Top 3 Swing scanner pick
2026-10-01,Intraday,1,Highest Priority,ADBE,BUY,94,241.02,237.68,247.7,2.0,234.26,Ambiguous Entry Candle,Ambiguous,2026-10-01,-$3.42 / -1.46%,+$13.44 / +5.74%,Review,,0,Top 3 Intraday scanner pick
2026-09-30,Intraday,1,Highest Priority,AMD,SELL,94,604.04,613.51,585.09,2.0,633.35,Ambiguous Entry Candle,Ambiguous,2026-09-30,-$19.84 / -3.13%,+$48.26 / +7.62%,Review,,0,Top 3 Intraday scanner pick
2026-09-30,Intraday,2,Highest Priority,BA,SELL,94,187.03,188.77,183.55,2.0,186.21,Stop Hit First,Stop,2026-10-01,+$2.56 / +1.37%,+$2.66 / +1.43%,Loss,-1,1,Top 3 Intraday scanner pick
2026-09-30,Intraday,3,Highest Priority,INTC,SELL,94,115.34,116.85,112.32,2.0,109.5,Ambiguous Entry Candle,Ambiguous,2026-10-05,+$7.35 / +6.71%,-$2.82 / -2.57%,Review,,5,Top 3 Intraday scanner pick
2026-09-29,Swing,1,Highest Priority,JNJ,BUY,94,274.33,259.72,303.54,2.0,252.81,Pending Trigger,,,-$6.91 / -2.73%,+$50.73 / +20.07%,,,9,Top 3 Swing scanner pick
2026-09-29,Swing,2,Highest Priority,QQQ,BUY,94,742.9,698.01,832.7,2.0,753.65,Active After Trigger,,,+$55.64 / +7.38%,+$79.05 / +10.49%,,,9,Top 3 Swing scanner pick
2026-09-29,Intraday,1,Highest Priority,COP,SELL,94,125.57,127.42,121.86,2.0,133.19,Stop Hit First,Stop,2026-10-05,-$5.77 / -4.33%,+$11.33 / +8.51%,Loss,-1,6,Top 3 Intraday scanner pick
2026-09-29,Intraday,2,Highest Priority,CRM,SELL,94,226.6,229.95,219.89,2.0,222.45,Stop Hit First,Stop,2026-09-30,+$7.50 / +3.37%,+$2.56 / +1.15%,Loss,-1,1,Top 3 Intraday scanner pick
2026-09-29,Intraday,3,Highest Priority,DHR,BUY,94,228.19,226.63,231.3,2.0,213.18,Pending Trigger,,,-$13.45 / -6.31%,+$18.12 / +8.50%,,,9,Top 3 Intraday scanner pick
2026-09-28,Swing,1,Highest Priority,MSFT,BUY,94,520.44,485.04,591.23,2.0,530.86,Active After Trigger,,,+$45.82 / +8.63%,+$60.37 / +11.37%,,,10,Top 3 Swing scanner pick
2026-09-27,Swing,1,Highest Priority,MSFT,BUY,94,520.44,485.04,591.23,2.0,530.86,Active After Trigger,,,+$45.82 / +8.63%,+$60.37 / +11.37%,,,11,Top 3 Swing scanner pick
2026-09-26,Swing,1,Highest Priority,MSFT,BUY,94,520.44,485.04,591.23,2.0,530.86,Active After Trigger,,,+$45.82 / +8.63%,+$60.37 / +11.37%,,,12,Top 3 Swing scanner pick
2026-09-25,Swing,1,Highest Priority,MSFT,BUY,94,520.44,485.04,591.23,2.0,530.86,Active After Trigger,,,+$45.82 / +8.63%,+$60.37 / +11.37%,,,13,Top 3 Swing scanner pick
2026-09-25,Intraday,2,Highest Priority,GE,BUY,94,324.5,319.41,334.69,2.0,303.86,Stop Hit First,Stop,2026-09-28,-$15.55 / -5.12%,+$30.83 / +10.14%,Loss,-1,3,Top 3 Intraday scanner pick
2026-09-25,Intraday,3,Highest Priority,LMT,SELL,94,522.29,528.91,509.06,2.0,502.08,Target Hit First,Target,2026-09-30,+$26.83 / +5.34%,-$6.98 / -1.39%,Win,2.0,5,Top 3 Intraday scanner pick
2026-09-25,Intraday,1,Highest Priority,AMD,BUY,94,632.05,615.98,664.19,2.0,633.35,Stop Hit First,Stop,2026-09-28,+$17.37 / +2.74%,+$30.84 / +4.87%,Loss,-1,3,Top 3 Intraday scanner pick
2026-09-25,Intraday,2,Highest Priority,BLK,BUY,94,1075.92,1061.84,1104.07,2.0,1062.11,Stop Hit First,Stop,2026-09-29,+$0.27 / +0.03%,+$41.96 / +3.95%,Loss,-1,4,Top 3 Intraday scanner pick
2026-09-25,Intraday,3,Highest Priority,MRK,SELL,94,147.6,149.51,143.79,2.0,139.54,Stop Hit First,Stop,2026-09-29,+$9.97 / +7.15%,-$4.25 / -3.05%,Loss,-1,4,Top 3 Intraday scanner pick
2026-09-24,Intraday,1,Highest Priority,GOOGL,SELL,94,336.78,340.06,330.21,2.0,349.27,Stop Hit First,Stop,2026-09-24,-$9.21 / -2.64%,+$19.06 / +5.46%,Loss,-1,0,Top 3 Intraday scanner pick
2026-09-24,Intraday,2,Highest Priority,GS,SELL,94,933.92,940.08,921.6,2.0,882.52,Ambiguous Entry Candle,Ambiguous,2026-09-24,+$57.56 / +6.52%,-$39.08 / -4.43%,Review,,0,Top 3 Intraday scanner pick
2026-09-24,Intraday,3,Highest Priority,LMT,SELL,94,522.16,529.6,507.29,2.0,502.08,Target Hit First,Target,2026-09-30,+$27.52 / +5.48%,-$5.21 / -1.04%,Win,2.0,6,Top 3 Intraday scanner pick
2026-09-23,Swing,1,Highest Priority,QQQ,BUY,94,744.71,698.09,837.94,2.0,753.65,Active After Trigger,,,+$55.56 / +7.37%,+$84.29 / +11.18%,,,15,Top 3 Swing scanner pick
2026-09-23,Swing,1,Highest Priority,DE,BUY,94,706.0,662.3,793.39,2.0,641.79,Stop Hit First,Stop,2026-10-01,-$20.51 / -3.20%,+$151.60 / +23.62%,Loss,-1,8,Top 3 Swing scanner pick
2026-09-23,Intraday,1,Highest Priority,GE,BUY,94,321.31,316.95,330.02,2.0,303.86,Stop Hit First,Stop,2026-09-24,-$13.09 / -4.31%,+$26.16 / +8.61%,Loss,-1,1,Top 3 Intraday scanner pick
2026-09-23,Intraday,2,Highest Priority,GOOGL,SELL,94,350.23,354.06,342.56,2.0,349.27,Target Hit First,Target,2026-09-23,+$4.79 / +1.37%,+$6.71 / +1.92%,Win,2.0,0,Top 3 Intraday scanner pick
2026-09-23,Intraday,3,Highest Priority,LOW,BUY,94,197.14,194.78,201.86,2.0,185.14,Pending Trigger,,,-$9.64 / -5.21%,+$16.72 / +9.03%,,,15,Top 3 Intraday scanner pick
2026-09-22,Intraday,1,Highest Priority,UNH,SELL,94,373.25,377.33,365.1,2.0,370.22,Stop Hit First,Stop,2026-09-25,+$7.11 / +1.92%,+$5.12 / +1.38%,Loss,-1,3,Top 3 Intraday scanner pick
2026-09-22,Swing,1,Highest Priority,QQQ,BUY,94,744.71,698.09,837.94,2.0,753.65,Active After Trigger,,,+$55.56 / +7.37%,+$84.29 / +11.18%,,,16,Top 3 Swing scanner pick
2026-09-22,Intraday,1,Highest Priority,AVGO,BUY,94,364.5,358.28,376.94,2.0,372.41,Stop Hit First,Stop,2026-09-23,+$14.13 / +3.79%,+$4.53 / +1.22%,Loss,-1,1,Top 3 Intraday scanner pick
2026-09-22,Intraday,2,Highest Priority,QCOM,BUY,94,195.7,191.53,204.04,2.0,173.69,Target Hit First,Target,2026-09-25,-$17.84 / -10.27%,+$30.35 / +17.48%,Win,2.0,3,Top 3 Intraday scanner pick
2026-09-22,Intraday,3,Highest Priority,SLB,BUY,94,52.04,51.38,53.38,2.0,48.79,Stop Hit First,Stop,2026-09-24,-$2.59 / -5.30%,+$4.59 / +9.40%,Loss,-1,2,Top 3 Intraday scanner pick
2026-09-21,Swing,1,Highest Priority,CVX,BUY,94,212.32,206.16,224.66,2.0,210.35,Pending Trigger,,,+$4.19 / +1.99%,+$14.31 / +6.80%,,,17,Top 3 Swing scanner pick
2026-09-21,Swing,2,Highest Priority,HON,SELL,94,203.85,211.49,188.58,2.0,205.66,Pending Trigger,,,+$5.83 / +2.83%,+$17.08 / +8.30%,,,17,Top 3 Swing scanner pick
2026-09-21,Swing,3,Highest Priority,LLY,SELL,94,1137.99,1169.87,1074.23,2.0,1141.45,Ambiguous Entry Candle,Ambiguous,2026-09-21,+$28.42 / +2.49%,+$67.22 / +5.89%,Review,,0,Top 3 Swing scanner pick
2026-09-20,Swing,1,Highest Priority,CVX,BUY,94,212.32,206.16,224.66,2.0,210.35,Pending Trigger,,,+$4.19 / +1.99%,+$14.31 / +6.80%,,,18,Top 3 Swing scanner pick
2026-09-20,Swing,2,Highest Priority,HON,SELL,94,203.85,211.49,188.58,2.0,205.66,Pending Trigger,,,+$5.83 / +2.83%,+$17.08 / +8.30%,,,18,Top 3 Swing scanner pick
2026-09-20,Swing,3,Highest Priority,LLY,SELL,94,1137.99,1169.87,1074.23,2.0,1141.45,Ambiguous Entry Candle,Ambiguous,2026-09-21,+$28.42 / +2.49%,+$67.22 / +5.89%,Review,,1,Top 3 Swing scanner pick
2026-09-19,Swing,1,Highest Priority,CVX,BUY,94,212.32,206.16,224.65,2.0,210.35,Pending Trigger,,,+$4.19 / +1.99%,+$14.30 / +6.80%,,,19,Top 3 Swing scanner pick
2026-09-19,Swing,2,Highest Priority,HON,SELL,94,203.85,211.49,188.58,2.0,205.66,Pending Trigger,,,+$5.83 / +2.83%,+$17.08 / +8.30%,,,19,Top 3 Swing scanner pick
2026-09-19,Swing,3,Highest Priority,LLY,SELL,94,1138.02,1169.89,1074.27,2.0,1141.45,Ambiguous Entry Candle,Ambiguous,2026-09-21,+$28.44 / +2.49%,+$67.18 / +5.89%,Review,,2,Top 3 Swing scanner pick
2026-09-18,Swing,1,Highest Priority,CAT,SELL,94,793.41,834.93,710.36,2.0,808.13,Pending Trigger,,,+$26.80 / +3.32%,+$97.77 / +12.10%,,,20,Top 3 Swing scanner pick
2026-09-18,Intraday,1,Highest Priority,DHR,BUY,94,213.7,210.74,219.61,2.0,213.18,Stop Hit First,Stop,2026-09-18,+$2.44 / +1.15%,+$6.43 / +3.01%,Loss,-1,0,Top 3 Intraday scanner pick
2026-09-18,Intraday,2,Highest Priority,META,BUY,94,684.57,675.51,702.67,2.0,718.92,Ambiguous Entry Candle,Ambiguous,2026-09-18,+$43.41 / +6.04%,-$16.25 / -2.26%,Review,,0,Top 3 Intraday scanner pick
2026-09-18,Intraday,3,Highest Priority,TMO,BUY,94,661.81,653.99,677.45,2.0,638.97,Target Hit First,Target,2026-09-24,-$15.02 / -2.35%,+$38.48 / +6.02%,Win,2.0,6,Top 3 Intraday scanner pick
2026-09-17,Intraday,1,Highest Priority,BAC,SELL,94,57.42,58.72,54.81,2.0,52.5,Target Hit First,Target,2026-09-29,+$6.22 / +11.85%,-$2.31 / -4.40%,Win,2.0,12,Top 3 Intraday scanner pick
2026-09-17,Intraday,2,Highest Priority,SCHW,SELL,94,104.38,106.04,101.06,2.0,95.76,Stop Hit First,Stop,2026-09-21,+$10.28 / +10.73%,-$5.30 / -5.53%,Loss,-1,4,Top 3 Intraday scanner pick
2026-09-17,Intraday,3,Highest Priority,TSLA,SELL,94,356.38,363.18,342.77,2.0,372.97,Stop Hit First,Stop,2026-10-02,-$9.79 / -2.62%,+$30.20 / +8.10%,Loss,-1,15,Top 3 Intraday scanner pick
2026-09-16,Swing,1,Highest Priority,GS,SELL,94,976.97,1048.74,833.43,2.0,882.41,Active After Trigger,,,+$166.33 / +18.85%,+$48.98 / +5.55%,,,22,Top 3 Swing scanner pick
2026-09-16,Swing,2,Highest Priority,MSFT,BUY,94,510.97,483.9,565.1,2.0,530.86,Active After Trigger,,,+$46.96 / +8.85%,+$34.24 / +6.45%,,,22,Top 3 Swing scanner pick
2026-09-16,Swing,1,Highest Priority,EOG,BUY,94,154.47,142.11,179.18,2.0,147.16,Pending Trigger,,,+$5.05 / +3.43%,+$32.02 / +21.76%,,,22,Top 3 Swing scanner pick
2026-09-16,Swing,2,Highest Priority,TMO,BUY,94,643.17,591.82,745.89,2.0,639.44,Active After Trigger,,,+$47.62 / +7.45%,+$106.45 / +16.65%,,,22,Top 3 Swing scanner pick
2026-09-16,Intraday,1,Highest Priority,AVGO,SELL,94,337.97,340.61,332.7,2.0,372.41,Stop Hit First,Stop,2026-09-17,-$31.80 / -8.54%,+$39.71 / +10.66%,Loss,-1,1,Top 3 Intraday scanner pick
2026-09-16,Intraday,2,Highest Priority,COP,BUY,94,141.56,140.42,143.84,2.0,133.19,Pending Trigger,,,-$7.23 / -5.43%,+$10.65 / +8.00%,,,22,Top 3 Intraday scanner pick
2026-09-16,Intraday,3,Highest Priority,DHR,BUY,94,209.97,206.87,216.17,2.0,213.18,Stop Hit First,Stop,2026-09-16,+$6.31 / +2.96%,+$2.99 / +1.40%,Loss,-1,0,Top 3 Intraday scanner pick
2026-09-15,Swing,1,Highest Priority,GS,SELL,94,976.97,1048.74,833.43,2.0,882.41,Active After Trigger,,,+$166.33 / +18.85%,+$48.98 / +5.55%,,,23,Top 3 Swing scanner pick
2026-09-15,Swing,2,Highest Priority,MSFT,BUY,94,510.95,483.91,565.04,2.0,530.86,Active After Trigger,,,+$46.95 / +8.84%,+$34.18 / +6.44%,,,23,Top 3 Swing scanner pick
2026-09-15,Intraday,1,Highest Priority,ADBE,BUY,94,266.63,262.61,274.67,2.0,234.26,Pending Trigger,,,-$28.35 / -12.10%,+$40.41 / +17.25%,,,23,Top 3 Intraday scanner pick
2026-09-15,Intraday,2,Highest Priority,DHR,BUY,94,203.98,202.36,207.21,2.0,213.18,Target Hit First,Target,2026-09-15,+$10.82 / +5.08%,-$5.97 / -2.80%,Win,2.0,0,Top 3 Intraday scanner pick
2026-09-15,Intraday,3,Highest Priority,GOOG,BUY,94,346.66,342.96,354.06,2.0,345.97,Ambiguous Entry Candle,Ambiguous,2026-09-18,+$3.01 / +0.87%,+$8.09 / +2.34%,Review,,3,Top 3 Intraday scanner pick
2026-09-15,Intraday,1,Highest Priority,GS,SELL,94,981.41,1005.96,932.33,2.0,882.52,Target Hit First,Target,2026-09-17,+$123.44 / +13.99%,-$49.81 / -5.64%,Win,2.0,2,Top 3 Intraday scanner pick
2026-09-15,Intraday,2,Highest Priority,ISRG,BUY,94,379.2,373.74,390.1,2.0,414.31,Target Hit First,Target,2026-09-18,+$40.57 / +9.79%,-$24.21 / -5.84%,Win,2.0,3,Top 3 Intraday scanner pick
2026-09-15,Intraday,3,Highest Priority,JPM,SELL,94,348.13,353.65,337.09,2.0,327.58,Stop Hit First,Stop,2026-09-15,+$26.07 / +7.96%,-$9.51 / -2.90%,Loss,-1,0,Top 3 Intraday scanner pick
2026-09-14,Intraday,1,Highest Priority,BA,BUY,94,211.05,209.97,213.22,2.0,186.21,Stop Hit First,Stop,2026-09-14,-$23.76 / -12.76%,+$27.01 / +14.51%,Loss,-1,0,Top 3 Intraday scanner pick
2026-09-14,Intraday,2,Highest Priority,COP,BUY,94,137.71,136.17,140.8,2.0,133.19,Stop Hit First,Stop,2026-09-14,-$2.98 / -2.24%,+$7.61 / +5.71%,Loss,-1,0,Top 3 Intraday scanner pick
2026-09-14,Intraday,3,Highest Priority,ORCL,SELL,94,149.54,153.31,142.0,2.0,142.27,Ambiguous Entry Candle,Ambiguous,2026-09-14,+$11.04 / +7.76%,+$0.27 / +0.19%,Review,,0,Top 3 Intraday scanner pick
2026-09-13,Intraday,1,Highest Priority,BA,BUY,94,211.05,209.97,213.22,2.0,186.21,Stop Hit First,Stop,2026-09-14,-$23.76 / -12.76%,+$27.01 / +14.51%,Loss,-1,1,Top 3 Intraday scanner pick
2026-09-13,Intraday,2,Highest Priority,COP,BUY,94,137.71,136.17,140.8,2.0,133.19,Stop Hit First,Stop,2026-09-14,-$2.98 / -2.24%,+$7.61 / +5.71%,Loss,-1,1,Top 3 Intraday scanner pick
2026-09-13,Intraday,3,Highest Priority,ORCL,SELL,94,149.54,153.31,142.0,2.0,142.27,Ambiguous Entry Candle,Ambiguous,2026-09-14,+$11.04 / +7.76%,+$0.27 / +0.19%,Review,,1,Top 3 Intraday scanner pick
2026-09-12,Swing,1,Highest Priority,AAPL,BUY,94,327.39,307.9,366.39,2.0,338.07,Active After Trigger,,,+$30.17 / +8.92%,+$28.32 / +8.38%,,,26,Top 3 Swing scanner pick
2026-09-12,Intraday,1,Highest Priority,BA,BUY,94,211.05,209.97,213.22,2.0,186.21,Stop Hit First,Stop,2026-09-14,-$23.76 / -12.76%,+$27.01 / +14.51%,Loss,-1,2,Top 3 Intraday scanner pick
2026-09-12,Intraday,2,Highest Priority,COP,BUY,94,137.71,136.17,140.8,2.0,133.19,Stop Hit First,Stop,2026-09-14,-$2.98 / -2.24%,+$7.61 / +5.71%,Loss,-1,2,Top 3 Intraday scanner pick
2026-09-12,Intraday,3,Highest Priority,ORCL,SELL,94,149.54,153.31,142.0,2.0,142.27,Ambiguous Entry Candle,Ambiguous,2026-09-14,+$11.04 / +7.76%,+$0.27 / +0.19%,Review,,2,Top 3 Intraday scanner pick
2026-09-11,Swing,1,Highest Priority,COST,SELL,94,896.63,967.77,754.36,2.0,945.0,Active After Trigger,,,+$22.77 / +2.41%,+$190.64 / +20.17%,,,27,Top 3 Swing scanner pick
2026-09-11,Swing,2,Highest Priority,GOOG,SELL,94,324.98,346.77,281.39,2.0,345.94,Pending Trigger,,,+$0.83 / +0.24%,+$64.55 / +18.66%,,,27,Top 3 Swing scanner pick
2026-09-11,Swing,3,Highest Priority,GOOGL,SELL,94,327.24,350.55,280.64,2.0,349.29,Pending Trigger,,,+$1.26 / +0.36%,+$68.65 / +19.65%,,,27,Top 3 Swing scanner pick
2026-09-11,Intraday,1,Highest Priority,ADBE,SELL,94,247.71,250.91,241.32,2.0,234.26,Stop Hit First,Stop,2026-09-11,+$16.65 / +7.11%,-$7.06 / -3.01%,Loss,-1,0,Top 3 Intraday scanner pick
2026-09-11,Intraday,2,Highest Priority,CRM,SELL,94,242.11,245.39,235.57,2.0,222.45,Ambiguous Entry Candle,Ambiguous,2026-09-11,+$22.94 / +10.31%,-$13.12 / -5.90%,Review,,0,Top 3 Intraday scanner pick
2026-09-11,Intraday,3,Highest Priority,TSLA,SELL,94,362.04,368.05,350.03,2.0,372.97,Ambiguous Entry Candle,Ambiguous,2026-09-11,-$4.92 / -1.32%,+$22.94 / +6.15%,Review,,0,Top 3 Intraday scanner pick
2026-09-11,Intraday,1,Highest Priority,CRM,SELL,94,242.11,245.39,235.57,2.0,222.45,Ambiguous Entry Candle,Ambiguous,2026-09-11,+$22.94 / +10.31%,-$13.12 / -5.90%,Review,,0,Top 3 Intraday scanner pick
2026-09-11,Intraday,2,Highest Priority,TSLA,SELL,94,362.04,368.05,350.03,2.0,372.97,Ambiguous Entry Candle,Ambiguous,2026-09-11,-$4.92 / -1.32%,+$22.94 / +6.15%,Review,,0,Top 3 Intraday scanner pick
2026-09-11,Swing,1,Highest Priority,AAPL,BUY,94,326.33,307.91,363.17,2.0,338.07,Active After Trigger,,,+$30.16 / +8.92%,+$25.10 / +7.42%,,,27,Top 3 Swing scanner pick
2026-09-10,Swing,1,Highest Priority,AXP,SELL,94,322.0,339.88,286.24,2.0,302.25,Active After Trigger,,,+$37.63 / +12.45%,+$16.01 / +5.30%,,,28,Top 3 Swing scanner pick
2026-09-10,Swing,2,Highest Priority,COST,SELL,94,904.29,972.53,767.81,2.0,945.0,Active After Trigger,,,+$27.53 / +2.91%,+$177.19 / +18.75%,,,28,Top 3 Swing scanner pick
2026-09-10,Swing,3,Highest Priority,NKE,SELL,94,37.82,40.08,33.31,2.0,34.27,Target Hit First,Target,2026-10-02,+$5.81 / +16.94%,+$0.96 / +2.81%,Win,2.0,22,Top 3 Swing scanner pick
2026-09-10,Swing,1,Highest Priority,COST,SELL,94,896.63,967.77,754.36,2.0,945.0,Active After Trigger,,,+$22.77 / +2.41%,+$190.64 / +20.17%,,,28,Top 3 Swing scanner pick
2026-09-10,Swing,2,Highest Priority,GOOG,SELL,94,324.98,346.77,281.39,2.0,345.94,Pending Trigger,,,+$0.83 / +0.24%,+$64.55 / +18.66%,,,28,Top 3 Swing scanner pick
2026-09-10,Swing,3,Highest Priority,GOOGL,SELL,94,327.24,350.55,280.64,2.0,349.29,Pending Trigger,,,+$1.26 / +0.36%,+$68.65 / +19.65%,,,28,Top 3 Swing scanner pick
2026-09-09,Swing,1,Highest Priority,AXP,SELL,94,322.0,339.88,286.24,2.0,302.25,Active After Trigger,,,+$37.63 / +12.45%,+$16.01 / +5.30%,,,29,Top 3 Swing scanner pick
2026-09-09,Swing,2,Highest Priority,COST,SELL,94,904.29,972.53,767.81,2.0,945.0,Active After Trigger,,,+$27.53 / +2.91%,+$177.19 / +18.75%,,,29,Top 3 Swing scanner pick
2026-09-09,Swing,3,Highest Priority,NKE,SELL,94,37.82,40.08,33.31,2.0,34.27,Target Hit First,Target,2026-10-02,+$5.81 / +16.94%,+$0.96 / +2.81%,Win,2.0,23,Top 3 Swing scanner pick
2026-09-09,Intraday,1,Highest Priority,EOG,SELL,94,144.97,146.55,141.81,2.0,147.09,Stop Hit First,Stop,2026-09-10,-$0.54 / -0.37%,+$5.28 / +3.59%,Loss,-1,1,Top 3 Intraday scanner pick
2026-09-08,Intraday,1,Highest Priority,AMD,BUY,94,479.79,470.71,497.93,2.0,633.35,Target Hit First,Target,2026-09-08,+$162.64 / +25.68%,-$135.42 / -21.38%,Win,2.0,0,Top 3 Intraday scanner pick
2026-09-08,Intraday,2,Highest Priority,META,BUY,94,618.69,607.8,640.48,2.0,718.92,Target Hit First,Target,2026-09-09,+$111.12 / +15.46%,-$78.44 / -10.91%,Win,2.0,1,Top 3 Intraday scanner pick
2026-09-08,Intraday,3,Highest Priority,MU,BUY,94,1019.81,996.46,1066.49,2.0,1072.98,Stop Hit First,Stop,2026-09-09,+$76.52 / +7.13%,-$6.49 / -0.60%,Loss,-1,1,Top 3 Intraday scanner pick
2026-09-07,Intraday,1,Highest Priority,AMD,BUY,94,479.79,470.71,497.93,2.0,633.35,Target Hit First,Target,2026-09-08,+$162.64 / +25.68%,-$135.42 / -21.38%,Win,2.0,1,Top 3 Intraday scanner pick
2026-09-07,Intraday,2,Highest Priority,META,BUY,94,618.69,607.8,640.48,2.0,718.92,Target Hit First,Target,2026-09-09,+$111.12 / +15.46%,-$78.44 / -10.91%,Win,2.0,2,Top 3 Intraday scanner pick
2026-09-07,Intraday,3,Highest Priority,MU,BUY,94,1019.81,996.46,1066.49,2.0,1072.98,Stop Hit First,Stop,2026-09-09,+$76.52 / +7.13%,-$6.49 / -0.60%,Loss,-1,2,Top 3 Intraday scanner pick
2026-09-06,Intraday,1,Highest Priority,AMD,BUY,94,479.79,470.71,497.93,2.0,633.35,Target Hit First,Target,2026-09-08,+$162.64 / +25.68%,-$135.42 / -21.38%,Win,2.0,2,Top 3 Intraday scanner pick
2026-09-06,Intraday,2,Highest Priority,META,BUY,94,618.69,607.8,640.48,2.0,718.92,Target Hit First,Target,2026-09-09,+$111.12 / +15.46%,-$78.44 / -10.91%,Win,2.0,3,Top 3 Intraday scanner pick
2026-09-06,Intraday,3,Highest Priority,MU,BUY,94,1019.81,996.46,1066.49,2.0,1072.98,Stop Hit First,Stop,2026-09-09,+$76.52 / +7.13%,-$6.49 / -0.60%,Loss,-1,3,Top 3 Intraday scanner pick
2026-09-05,Intraday,1,Highest Priority,AMD,BUY,94,479.79,470.71,497.93,2.0,633.35,Target Hit First,Target,2026-09-08,+$162.64 / +25.68%,-$135.42 / -21.38%,Win,2.0,3,Top 3 Intraday scanner pick
2026-09-05,Intraday,2,Highest Priority,META,BUY,94,618.69,607.8,640.48,2.0,718.92,Target Hit First,Target,2026-09-09,+$111.12 / +15.46%,-$78.44 / -10.91%,Win,2.0,4,Top 3 Intraday scanner pick
2026-09-05,Intraday,3,Highest Priority,MU,BUY,94,1019.81,996.46,1066.49,2.0,1072.98,Stop Hit First,Stop,2026-09-09,+$76.52 / +7.13%,-$6.49 / -0.60%,Loss,-1,4,Top 3 Intraday scanner pick
2026-09-05,Intraday,1,Highest Priority,MU,BUY,94,1011.79,996.49,1042.4,2.0,1072.98,Stop Hit First,Stop,2026-09-09,+$76.49 / +7.13%,-$30.58 / -2.85%,Loss,-1,4,Top 3 Intraday scanner pick
2026-09-05,Intraday,2,Highest Priority,QCOM,SELL,94,166.71,169.36,161.39,2.0,173.69,Pending Trigger,,,-$4.33 / -2.49%,+$12.30 / +7.08%,,,33,Top 3 Intraday scanner pick
2026-09-04,Swing,1,Highest Priority,EOG,BUY,94,149.43,142.12,164.04,2.0,147.16,Stop Hit First,Stop,2026-09-21,+$5.04 / +3.42%,+$16.88 / +11.47%,Loss,-1,17,Top 3 Swing scanner pick
2026-09-04,Swing,2,Highest Priority,GS,SELL,94,996.0,1068.19,851.63,2.0,882.41,Active After Trigger,,,+$185.78 / +21.05%,+$30.78 / +3.49%,,,34,Top 3 Swing scanner pick
2026-09-04,Swing,3,Highest Priority,MCD,SELL,94,259.66,274.3,230.37,2.0,234.77,Target Hit First,Target,2026-10-01,+$39.53 / +16.84%,+$4.40 / +1.87%,Win,2.0,27,Top 3 Swing scanner pick
2026-09-04,Swing,1,Highest Priority,TMO,BUY,94,624.16,596.1,680.27,2.0,639.44,Target Hit First,Target,2026-09-24,+$43.34 / +6.78%,+$40.83 / +6.39%,Win,2.0,20,Top 3 Swing scanner pick
2026-09-04,Intraday,1,Highest Priority,INTC,BUY,94,92.17,90.45,95.62,2.0,109.5,Target Hit First,Target,2026-09-04,+$19.05 / +17.40%,-$13.88 / -12.68%,Win,2.0,0,Top 3 Intraday scanner pick
2026-09-04,Intraday,2,Highest Priority,MU,BUY,94,960.91,939.2,1004.32,2.0,1072.98,Target Hit First,Target,2026-09-04,+$133.78 / +12.47%,-$68.66 / -6.40%,Win,2.0,0,Top 3 Intraday scanner pick
2026-09-03,Intraday,1,Highest Priority,NVDA,BUY,94,230.81,225.53,241.37,2.0,235.4,Stop Hit First,Stop,2026-09-08,+$9.87 / +4.19%,+$5.97 / +2.54%,Loss,-1,5,Top 3 Intraday scanner pick
2026-09-03,Swing,1,Highest Priority,COST,SELL,94,918.47,982.17,791.08,2.0,945.0,Active After Trigger,,,+$37.17 / +3.93%,+$153.92 / +16.29%,,,35,Top 3 Swing scanner pick
2026-09-03,Swing,2,Highest Priority,EOG,BUY,94,149.42,142.13,164.02,2.0,147.16,Stop Hit First,Stop,2026-09-21,+$5.03 / +3.42%,+$16.86 / +11.46%,Loss,-1,18,Top 3 Swing scanner pick
2026-09-03,Swing,3,Highest Priority,GS,SELL,92,996.0,1068.36,851.3,2.0,882.41,Active After Trigger,,,+$185.95 / +21.07%,+$31.11 / +3.53%,,,35,Top 3 Swing scanner pick
2026-09-03,Intraday,1,Highest Priority,BLK,SELL,94,1104.18,1118.76,1075.03,2.0,1062.11,Target Hit First,Target,2026-09-09,+$56.65 / +5.33%,-$12.92 / -1.22%,Win,2.0,6,Top 3 Intraday scanner pick
2026-09-03,Intraday,2,Highest Priority,EOG,BUY,94,149.28,148.13,151.58,2.0,147.09,Target Hit First,Target,2026-09-14,-$1.04 / -0.71%,+$4.49 / +3.05%,Win,2.0,11,Top 3 Intraday scanner pick
2026-09-03,Intraday,3,Highest Priority,HON,SELL,94,205.16,207.36,200.75,2.0,205.66,Stop Hit First,Stop,2026-09-03,+$1.70 / +0.83%,+$4.91 / +2.39%,Loss,-1,0,Top 3 Intraday scanner pick
2026-09-02,Intraday,1,Highest Priority,INTC,SELL,94,87.33,89.72,82.53,2.0,109.5,Pending Trigger,,,-$19.78 / -18.07%,+$26.97 / +24.63%,,,36,Top 3 Intraday scanner pick
2026-09-02,Intraday,2,Highest Priority,TSLA,SELL,94,349.22,360.93,325.81,2.0,372.97,Stop Hit First,Stop,2026-10-02,-$12.04 / -3.23%,+$47.16 / +12.64%,Loss,-1,30,Top 3 Intraday scanner pick
2026-09-02,Swing,1,Highest Priority,EOG,BUY,94,149.06,142.12,162.95,2.0,147.16,Stop Hit First,Stop,2026-09-21,+$5.04 / +3.42%,+$15.79 / +10.73%,Loss,-1,19,Top 3 Swing scanner pick
2026-09-02,Intraday,1,Highest Priority,DHR,SELL,94,206.14,208.21,201.99,2.0,213.18,Ambiguous Entry Candle,Ambiguous,2026-09-02,-$4.97 / -2.33%,+$11.19 / +5.25%,Review,,0,Top 3 Intraday scanner pick
2026-09-02,Intraday,2,Highest Priority,MU,SELL,94,927.65,945.21,892.52,2.0,1072.98,Ambiguous Entry Candle,Ambiguous,2026-09-02,-$127.77 / -11.91%,+$180.46 / +16.82%,Review,,0,Top 3 Intraday scanner pick
2026-09-02,Intraday,3,Highest Priority,NFLX,SELL,94,80.53,81.32,78.94,2.0,71.18,Ambiguous Entry Candle,Ambiguous,2026-09-02,+$10.14 / +14.25%,-$7.76 / -10.90%,Review,,0,Top 3 Intraday scanner pick
2026-09-01,Swing,2,Highest Priority,NFLX,BUY,92,81.89,75.91,93.87,2.0,71.18,Stop Hit First,Stop,2026-09-09,-$4.73 / -6.65%,+$22.69 / +31.89%,Loss,-1,8,Top 3 Swing scanner pick
2026-09-01,Swing,1,Highest Priority,BLK,BUY,94,1160.72,1134.83,1212.48,2.0,1061.54,Pending Trigger,,,-$73.29 / -6.90%,+$150.94 / +14.22%,,,37,Top 3 Swing scanner pick
2026-09-01,Intraday,1,Highest Priority,INTC,SELL,94,89.02,89.99,87.09,2.0,109.5,Ambiguous Entry Candle,Ambiguous,2026-09-01,-$19.51 / -17.82%,+$22.41 / +20.47%,Review,,0,Top 3 Intraday scanner pick
2026-09-01,Intraday,2,Highest Priority,TGT,SELL,94,159.88,162.07,155.5,2.0,154.99,Target Hit First,Target,2026-09-10,+$7.08 / +4.57%,-$0.51 / -0.33%,Win,2.0,9,Top 3 Intraday scanner pick
2026-08-31,Swing,1,Highest Priority,SCHW,BUY,94,111.23,105.89,121.92,2.0,95.76,Pending Trigger,,,-$10.13 / -10.57%,+$26.16 / +27.31%,,,38,Top 3 Swing scanner pick
2026-08-31,Intraday,1,Highest Priority,AMD,SELL,94,464.36,473.78,445.51,2.0,633.35,Ambiguous Entry Candle,Ambiguous,2026-08-31,-$159.57 / -25.19%,+$187.84 / +29.66%,Review,,0,Top 3 Intraday scanner pick
2026-08-31,Intraday,2,Highest Priority,AMZN,BUY,94,267.26,264.27,273.25,2.0,258.46,Pending Trigger,,,-$5.81 / -2.25%,+$14.79 / +5.72%,,,38,Top 3 Intraday scanner pick
2026-08-31,Intraday,3,Highest Priority,BLK,SELL,94,1156.0,1171.78,1124.45,2.0,1062.11,Target Hit First,Target,2026-09-01,+$109.67 / +10.33%,-$62.34 / -5.87%,Win,2.0,1,Top 3 Intraday scanner pick
2026-08-30,Swing,1,Highest Priority,SCHW,BUY,94,111.23,105.89,121.92,2.0,95.76,Pending Trigger,,,-$10.13 / -10.57%,+$26.16 / +27.31%,,,39,Top 3 Swing scanner pick
2026-08-30,Intraday,1,Highest Priority,AMD,SELL,94,464.36,473.78,445.51,2.0,633.35,Ambiguous Entry Candle,Ambiguous,2026-08-31,-$159.57 / -25.19%,+$187.84 / +29.66%,Review,,1,Top 3 Intraday scanner pick
2026-08-30,Intraday,2,Highest Priority,AMZN,BUY,94,267.26,264.27,273.25,2.0,258.46,Pending Trigger,,,-$5.81 / -2.25%,+$14.79 / +5.72%,,,39,Top 3 Intraday scanner pick
2026-08-30,Intraday,3,Highest Priority,BLK,SELL,94,1156.0,1171.78,1124.45,2.0,1062.11,Target Hit First,Target,2026-09-01,+$109.67 / +10.33%,-$62.34 / -5.87%,Win,2.0,2,Top 3 Intraday scanner pick
2026-08-29,Swing,1,Highest Priority,SCHW,BUY,94,111.22,105.89,121.89,2.0,95.76,Pending Trigger,,,-$10.13 / -10.57%,+$26.13 / +27.28%,,,40,Top 3 Swing scanner pick
2026-08-29,Intraday,1,Highest Priority,AMD,SELL,94,464.36,473.78,445.51,2.0,633.35,Ambiguous Entry Candle,Ambiguous,2026-08-31,-$159.57 / -25.19%,+$187.84 / +29.66%,Review,,2,Top 3 Intraday scanner pick
2026-08-29,Intraday,2,Highest Priority,AMZN,BUY,94,267.26,264.27,273.25,2.0,258.46,Pending Trigger,,,-$5.81 / -2.25%,+$14.79 / +5.72%,,,40,Top 3 Intraday scanner pick
2026-08-29,Intraday,3,Highest Priority,BLK,SELL,94,1156.0,1171.78,1124.45,2.0,1062.11,Target Hit First,Target,2026-09-01,+$109.67 / +10.33%,-$62.34 / -5.87%,Win,2.0,3,Top 3 Intraday scanner pick
2026-08-28,Intraday,1,Highest Priority,AAPL,BUY,94,318.32,313.24,328.47,2.0,338.1,Stop Hit First,Stop,2026-08-31,+$24.86 / +7.35%,-$9.63 / -2.85%,Loss,-1,3,Top 3 Intraday scanner pick
2026-08-28,Intraday,2,Highest Priority,MSFT,BUY,94,509.38,501.09,525.95,2.0,530.83,Stop Hit First,Stop,2026-09-01,+$29.74 / +5.60%,-$4.88 / -0.92%,Loss,-1,4,Top 3 Intraday scanner pick
2026-08-27,Swing,1,Highest Priority,BLK,BUY,94,1184.37,1135.42,1282.28,2.0,1061.54,Stop Hit First,Stop,2026-09-01,-$73.88 / -6.96%,+$220.74 / +20.79%,Loss,-1,5,Top 3 Swing scanner pick
2026-08-27,Intraday,1,Highest Priority,ORCL,BUY,94,149.68,147.48,154.07,2.0,142.27,Stop Hit First,Stop,2026-09-01,-$5.21 / -3.66%,+$11.80 / +8.29%,Loss,-1,5,Top 3 Intraday scanner pick
2026-08-26,Intraday,1,Highest Priority,QCOM,BUY,94,162.45,158.42,170.52,2.0,173.69,Target Hit First,Target,2026-08-31,+$15.27 / +8.79%,-$3.17 / -1.82%,Win,2.0,5,Top 3 Intraday scanner pick
2026-08-26,Intraday,1,Highest Priority,PFE,BUY,94,28.63,28.32,29.26,2.0,27.49,Stop Hit First,Stop,2026-09-08,-$0.83 / -3.04%,+$1.77 / +6.46%,Loss,-1,13,Top 3 Intraday scanner pick
2026-08-26,Intraday,2,Highest Priority,UPS,BUY,94,105.72,104.17,108.81,2.0,93.12,Stop Hit First,Stop,2026-08-31,-$11.05 / -11.87%,+$15.69 / +16.85%,Loss,-1,5,Top 3 Intraday scanner pick
2026-08-26,Swing,1,Highest Priority,NKE,SELL,94,38.95,41.69,33.47,2.0,34.27,Target Hit First,Target,2026-10-02,+$7.42 / +21.64%,+$0.80 / +2.34%,Win,2.0,37,Top 3 Swing scanner pick
2026-08-25,Swing,1,Highest Priority,NKE,SELL,92,38.95,41.69,33.47,2.0,34.27,Target Hit First,Target,2026-10-02,+$7.42 / +21.64%,+$0.80 / +2.34%,Win,2.0,38,Top 3 Swing scanner pick
2026-08-25,Intraday,1,Highest Priority,AMZN,SELL,94,259.37,262.17,253.76,2.0,258.46,Stop Hit First,Stop,2026-08-28,+$3.71 / +1.44%,+$4.70 / +1.82%,Loss,-1,3,Top 3 Intraday scanner pick
2026-08-25,Intraday,1,Highest Priority,TSLA,SELL,94,350.21,355.22,340.18,2.0,372.97,Stop Hit First,Stop,2026-08-27,-$17.75 / -4.76%,+$32.79 / +8.79%,Loss,-1,2,Top 3 Intraday scanner pick
2026-08-25,Swing,1,Highest Priority,V,BUY,94,384.19,356.75,439.08,2.0,376.23,Stop Hit First,Stop,2026-10-02,+$19.48 / +5.18%,+$62.85 / +16.71%,Loss,-1,38,Top 3 Swing scanner pick
2026-08-25,Intraday,1,Highest Priority,COP,SELL,94,133.05,133.91,131.34,2.0,133.19,Ambiguous Entry Candle,Ambiguous,2026-08-27,+$0.72 / +0.54%,+$1.85 / +1.39%,Review,,2,Top 3 Intraday scanner pick
2026-08-25,Intraday,2,Highest Priority,DHR,SELL,94,214.48,216.37,210.71,2.0,213.18,Ambiguous Entry Candle,Ambiguous,2026-08-27,+$3.19 / +1.49%,+$2.47 / +1.16%,Review,,2,Top 3 Intraday scanner pick
2026-08-25,Intraday,3,Highest Priority,NOW,SELL,94,127.75,129.04,125.18,2.0,136.85,Ambiguous Entry Candle,Ambiguous,2026-09-28,-$7.81 / -5.71%,+$11.67 / +8.53%,Review,,34,Top 3 Intraday scanner pick
2026-08-24,Intraday,1,Highest Priority,AMD,BUY,94,474.99,468.44,488.08,2.0,633.35,Stop Hit First,Stop,2026-08-28,+$164.91 / +26.04%,-$145.27 / -22.94%,Loss,-1,4,Top 3 Intraday scanner pick
2026-08-24,Intraday,2,Highest Priority,CAT,BUY,94,831.03,824.35,844.39,2.0,808.63,Ambiguous Entry Candle,Ambiguous,2026-08-27,-$15.72 / -1.94%,+$35.76 / +4.42%,Review,,3,Top 3 Intraday scanner pick
2026-08-24,Intraday,3,Highest Priority,TGT,BUY,94,165.81,162.87,171.7,2.0,154.99,Stop Hit First,Stop,2026-08-28,-$7.88 / -5.08%,+$16.71 / +10.78%,Loss,-1,4,Top 3 Intraday scanner pick
2026-08-23,Intraday,1,Highest Priority,AMD,BUY,94,474.99,468.44,488.08,2.0,633.35,Stop Hit First,Stop,2026-08-28,+$164.91 / +26.04%,-$145.27 / -22.94%,Loss,-1,5,Top 3 Intraday scanner pick
2026-08-23,Intraday,2,Highest Priority,CAT,BUY,94,831.03,824.35,844.39,2.0,808.63,Ambiguous Entry Candle,Ambiguous,2026-08-27,-$15.72 / -1.94%,+$35.76 / +4.42%,Review,,4,Top 3 Intraday scanner pick
2026-08-23,Intraday,3,Highest Priority,TGT,BUY,94,165.81,162.87,171.7,2.0,154.99,Stop Hit First,Stop,2026-08-28,-$7.88 / -5.08%,+$16.71 / +10.78%,Loss,-1,5,Top 3 Intraday scanner pick
2026-08-22,Intraday,1,Highest Priority,AMD,BUY,94,474.99,468.44,488.08,2.0,633.35,Stop Hit First,Stop,2026-08-28,+$164.91 / +26.04%,-$145.27 / -22.94%,Loss,-1,6,Top 3 Intraday scanner pick
2026-08-22,Intraday,2,Highest Priority,CAT,BUY,94,831.03,824.35,844.39,2.0,808.63,Ambiguous Entry Candle,Ambiguous,2026-08-27,-$15.72 / -1.94%,+$35.76 / +4.42%,Review,,5,Top 3 Intraday scanner pick
2026-08-22,Intraday,3,Highest Priority,TGT,BUY,94,165.81,162.87,171.7,2.0,154.99,Stop Hit First,Stop,2026-08-28,-$7.88 / -5.08%,+$16.71 / +10.78%,Loss,-1,6,Top 3 Intraday scanner pick
2026-08-22,Intraday,1,Highest Priority,TGT,BUY,94,165.57,162.87,170.97,2.0,154.99,Stop Hit First,Stop,2026-08-28,-$7.88 / -5.08%,+$15.98 / +10.31%,Loss,-1,6,Top 3 Intraday scanner pick
2026-08-22,Intraday,2,Highest Priority,TMO,BUY,94,629.21,623.34,640.94,2.0,638.97,Stop Hit First,Stop,2026-08-28,+$15.63 / +2.45%,+$1.97 / +0.31%,Loss,-1,6,Top 3 Intraday scanner pick
2026-08-22,Intraday,3,Highest Priority,XOM,SELL,94,164.56,166.14,161.39,2.0,167.65,Ambiguous Entry Candle,Ambiguous,2026-08-27,-$1.51 / -0.90%,+$6.26 / +3.73%,Review,,5,Top 3 Intraday scanner pick
2026-08-21,Intraday,1,Highest Priority,ABT,BUY,94,116.31,115.74,117.46,2.0,97.35,Pending Trigger,,,-$18.39 / -18.89%,+$20.11 / +20.66%,,,48,Top 3 Intraday scanner pick
2026-08-21,Intraday,1,Highest Priority,WFC,SELL,94,83.7,85.05,81.01,2.0,80.41,Target Hit First,Target,2026-09-24,+$4.64 / +5.77%,-$0.60 / -0.75%,Win,2.0,34,Top 3 Intraday scanner pick
2026-08-21,Intraday,1,Highest Priority,BA,SELL,94,214.0,216.87,208.27,2.0,186.21,Target Hit First,Target,2026-08-28,+$30.66 / +16.47%,-$22.06 / -11.85%,Win,2.0,7,Top 3 Intraday scanner pick
2026-08-21,Intraday,2,Highest Priority,GE,SELL,94,343.26,347.77,334.25,2.0,303.86,Target Hit First,Target,2026-08-31,+$43.91 / +14.45%,-$30.39 / -10.00%,Win,2.0,10,Top 3 Intraday scanner pick
2026-08-21,Intraday,3,Highest Priority,LMT,SELL,94,568.71,575.61,554.9,2.0,502.08,Target Hit First,Target,2026-09-01,+$73.53 / +14.65%,-$52.82 / -10.52%,Win,2.0,11,Top 3 Intraday scanner pick
2026-08-21,Intraday,1,Highest Priority,LMT,SELL,94,568.71,575.6,554.91,2.0,502.08,Target Hit First,Target,2026-09-01,+$73.52 / +14.64%,-$52.83 / -10.52%,Win,2.0,11,Top 3 Intraday scanner pick
2026-08-20,Intraday,1,Highest Priority,HON,SELL,94,220.16,222.28,215.93,2.0,205.66,Target Hit First,Target,2026-08-28,+$16.62 / +8.08%,-$10.27 / -4.99%,Win,2.0,8,Top 3 Intraday scanner pick
2026-08-20,Intraday,1,Highest Priority,RTX,SELL,94,219.78,223.36,212.62,2.0,182.69,Ambiguous Entry Candle,Ambiguous,2026-08-27,+$40.67 / +22.26%,-$29.93 / -16.39%,Review,,7,Top 3 Intraday scanner pick
2026-08-20,Intraday,2,Highest Priority,SBUX,SELL,94,104.66,105.93,102.13,2.0,89.26,Target Hit First,Target,2026-09-08,+$16.67 / +18.68%,-$12.87 / -14.42%,Win,2.0,19,Top 3 Intraday scanner pick
2026-08-20,Intraday,1,Highest Priority,WFC,SELL,94,85.51,86.39,83.75,2.0,80.41,Ambiguous Entry Candle,Ambiguous,2026-08-27,+$5.98 / +7.44%,-$3.34 / -4.15%,Review,,7,Top 3 Intraday scanner pick
2026-08-19,Intraday,1,Highest Priority,GS,SELL,94,1013.32,1045.79,948.38,2.0,882.52,Target Hit First,Target,2026-09-16,+$163.27 / +18.50%,-$65.86 / -7.46%,Win,2.0,28,Top 3 Intraday scanner pick
2026-08-19,Intraday,2,Highest Priority,MS,SELL,94,213.72,218.96,203.23,2.0,187.16,Target Hit First,Target,2026-09-15,+$31.80 / +16.99%,-$16.07 / -8.59%,Win,2.0,27,Top 3 Intraday scanner pick
2026-08-19,Swing,3,Highest Priority,JNJ,BUY,94,272.27,253.31,310.2,2.0,252.81,Stop Hit First,Stop,2026-10-05,-$0.50 / -0.20%,+$57.39 / +22.70%,Loss,-1,47,Top 3 Swing scanner pick
2026-08-19,Swing,1,Highest Priority,ABT,BUY,94,111.63,103.69,127.52,2.0,97.36,Stop Hit First,Stop,2026-09-10,-$6.33 / -6.51%,+$30.16 / +30.98%,Loss,-1,22,Top 3 Swing scanner pick
2026-08-19,Swing,2,Highest Priority,GE,BUY,94,373.1,357.74,403.84,2.0,303.86,Ambiguous Entry Candle,Ambiguous,2026-08-19,-$53.88 / -17.73%,+$99.98 / +32.90%,Review,,0,Top 3 Swing scanner pick
2026-08-19,Swing,2,Highest Priority,JNJ,BUY,94,272.27,253.31,310.2,2.0,252.81,Stop Hit First,Stop,2026-10-05,-$0.50 / -0.20%,+$57.39 / +22.70%,Loss,-1,47,Top 3 Swing scanner pick
2026-08-19,Swing,3,Highest Priority,MA,BUY,94,579.66,553.87,631.23,2.0,576.24,Stop Hit First,Stop,2026-09-22,+$22.37 / +3.88%,+$54.99 / +9.54%,Loss,-1,34,Top 3 Swing scanner pick
2026-08-19,Swing,2,Highest Priority,MA,BUY,94,579.66,553.87,631.23,2.0,576.24,Stop Hit First,Stop,2026-09-22,+$22.37 / +3.88%,+$54.99 / +9.54%,Loss,-1,34,Top 3 Swing scanner pick
2026-08-19,Swing,1,Highest Priority,GE,BUY,94,376.33,357.8,413.4,2.0,303.86,Pending Trigger,,,-$53.94 / -17.75%,+$109.54 / +36.05%,,,50,Top 3 Swing scanner pick
2026-08-18,Swing,1,Highest Priority,GE,BUY,94,373.1,357.74,403.83,2.0,303.86,Stop Hit First,Stop,2026-08-19,-$53.88 / -17.73%,+$99.97 / +32.90%,Loss,-1,1,Top 3 Swing scanner pick
2026-08-18,Intraday,1,Highest Priority,NOW,SELL,94,117.35,118.72,114.62,2.0,136.85,Pending Trigger,,,-$18.13 / -13.25%,+$22.23 / +16.24%,,,51,Top 3 Intraday scanner pick
2026-08-17,Intraday,1,Highest Priority,JNJ,BUY,94,263.13,257.9,273.58,2.0,252.81,Target Hit First,Target,2026-09-02,-$5.09 / -2.01%,+$20.77 / +8.22%,Win,2.0,16,Top 3 Intraday scanner pick
2026-08-17,Intraday,1,Highest Priority,BA,SELL,94,227.18,232.03,217.49,2.0,186.21,Ambiguous Entry Candle,Ambiguous,2026-08-27,+$45.82 / +24.61%,-$31.28 / -16.80%,Review,,10,Top 3 Intraday scanner pick
2026-08-17,Intraday,2,Highest Priority,QCOM,SELL,94,162.15,166.36,153.71,2.0,173.69,Stop Hit First,Stop,2026-08-31,-$7.33 / -4.22%,+$19.98 / +11.50%,Loss,-1,14,Top 3 Intraday scanner pick
2026-08-17,Intraday,1,Highest Priority,AVGO,SELL,94,391.13,394.59,384.2,2.0,372.41,Ambiguous Entry Candle,Ambiguous,2026-08-27,+$22.18 / +5.96%,-$11.79 / -3.17%,Review,,10,Top 3 Intraday scanner pick
2026-08-17,Intraday,2,Highest Priority,INTC,SELL,94,101.85,103.31,98.92,2.0,109.5,Ambiguous Entry Candle,Ambiguous,2026-08-27,-$6.19 / -5.66%,+$10.58 / +9.67%,Review,,10,Top 3 Intraday scanner pick
2026-08-16,Intraday,1,Highest Priority,AVGO,SELL,94,391.13,394.59,384.2,2.0,372.41,Ambiguous Entry Candle,Ambiguous,2026-08-27,+$22.18 / +5.96%,-$11.79 / -3.17%,Review,,11,Top 3 Intraday scanner pick
2026-08-16,Intraday,2,Highest Priority,INTC,SELL,94,101.85,103.31,98.92,2.0,109.5,Ambiguous Entry Candle,Ambiguous,2026-08-27,-$6.19 / -5.66%,+$10.58 / +9.67%,Review,,11,Top 3 Intraday scanner pick
2026-08-15,Intraday,1,Highest Priority,AVGO,SELL,94,391.13,394.59,384.2,2.0,372.41,Ambiguous Entry Candle,Ambiguous,2026-08-27,+$22.18 / +5.96%,-$11.79 / -3.17%,Review,,12,Top 3 Intraday scanner pick
2026-08-15,Intraday,2,Highest Priority,INTC,SELL,94,101.85,103.31,98.92,2.0,109.5,Ambiguous Entry Candle,Ambiguous,2026-08-27,-$6.19 / -5.66%,+$10.58 / +9.67%,Review,,12,Top 3 Intraday scanner pick
2026-08-14,Intraday,1,Highest Priority,COP,SELL,94,124.22,125.1,122.46,2.0,133.19,Ambiguous Entry Candle,Ambiguous,2026-09-29,-$8.09 / -6.07%,+$10.73 / +8.06%,Review,,46,Top 3 Intraday scanner pick
2026-08-14,Intraday,2,Highest Priority,LLY,SELL,94,1205.02,1219.5,1176.04,2.0,1141.45,Ambiguous Entry Candle,Ambiguous,2026-08-27,+$78.05 / +6.84%,-$34.59 / -3.03%,Review,,13,Top 3 Intraday scanner pick
2026-08-14,Intraday,3,Highest Priority,NKE,BUY,94,41.49,40.86,42.76,2.0,34.27,Pending Trigger,,,-$6.59 / -19.22%,+$8.49 / +24.76%,,,55,Top 3 Intraday scanner pick
2026-08-13,Swing,1,Highest Priority,MRK,BUY,94,134.33,125.57,151.84,2.0,139.54,Target Hit First,Target,2026-08-19,+$13.97 / +10.01%,+$12.30 / +8.82%,Win,2.0,6,Top 3 Swing scanner pick
2026-08-13,Intraday,1,Highest Priority,ORCL,BUY,94,153.72,151.6,157.98,2.0,142.27,Ambiguous Entry Candle,Ambiguous,2026-08-27,-$9.33 / -6.56%,+$15.71 / +11.04%,Review,,14,Top 3 Intraday scanner pick
2026-08-13,Intraday,1,Highest Priority,META,SELL,94,577.4,583.99,564.21,2.0,718.92,Stop Hit First,Stop,2026-08-27,-$134.93 / -18.77%,+$154.71 / +21.52%,Loss,-1,14,Top 3 Intraday scanner pick
2026-08-13,Intraday,2,Highest Priority,ORCL,BUY,94,153.72,151.6,157.98,2.0,142.27,Ambiguous Entry Candle,Ambiguous,2026-08-27,-$9.33 / -6.56%,+$15.71 / +11.04%,Review,,14,Top 3 Intraday scanner pick
2026-08-12,Intraday,1,Highest Priority,AMZN,SELL,94,268.38,273.62,257.9,2.0,258.46,Ambiguous Entry Candle,Ambiguous,2026-08-27,+$15.16 / +5.87%,+$0.56 / +0.22%,Review,,15,Top 3 Intraday scanner pick
2026-08-12,Intraday,2,Highest Priority,JPM,BUY,94,365.83,361.16,375.17,2.0,327.58,Pending Trigger,,,-$33.58 / -10.25%,+$47.59 / +14.53%,,,57,Top 3 Intraday scanner pick
2026-08-12,Intraday,3,Highest Priority,NKE,SELL,94,40.46,41.41,38.57,2.0,34.27,Ambiguous Entry Candle,Ambiguous,2026-08-27,+$7.14 / +20.82%,-$4.30 / -12.54%,Review,,15,Top 3 Intraday scanner pick
2026-08-12,Intraday,1,Highest Priority,AVGO,SELL,92,413.07,419.19,400.84,2.0,372.41,Ambiguous Entry Candle,Ambiguous,2026-08-27,+$46.78 / +12.56%,-$28.43 / -7.63%,Review,,15,Top 3 Intraday scanner pick
2026-08-12,Swing,1,Highest Priority,NKE,SELL,94,40.75,43.94,34.37,2.0,34.27,Target Hit First,Target,2026-10-02,+$9.67 / +28.21%,-$0.10 / -0.28%,Win,2.0,51,Top 3 Swing scanner pick
2026-08-11,Intraday,1,Highest Priority,GOOG,SELL,94,347.68,356.11,330.82,2.0,345.97,Target Hit First,Target,2026-09-01,+$10.14 / +2.93%,+$15.15 / +4.38%,Win,2.0,21,Top 3 Intraday scanner pick
2026-08-11,Intraday,2,Highest Priority,GOOGL,SELL,94,348.82,357.8,330.86,2.0,349.27,Target Hit First,Target,2026-09-09,+$8.53 / +2.44%,+$18.41 / +5.27%,Win,2.0,29,Top 3 Intraday scanner pick
2026-08-11,Swing,1,Highest Priority,CVX,BUY,94,195.38,184.87,216.39,2.0,210.35,Target Hit First,Target,2026-09-10,+$25.48 / +12.11%,+$6.04 / +2.87%,Win,2.0,30,Top 3 Swing scanner pick
2026-08-11,Swing,2,Highest Priority,XOM,BUY,94,160.69,148.23,185.61,2.0,167.69,Active After Trigger,,,+$19.46 / +11.60%,+$17.92 / +10.69%,,,58,Top 3 Swing scanner pick
2026-08-11,Intraday,1,Highest Priority,ADBE,BUY,94,273.57,271.04,278.61,2.0,234.26,Ambiguous Entry Candle,Ambiguous,2026-08-27,-$36.78 / -15.70%,+$44.35 / +18.93%,Review,,16,Top 3 Intraday scanner pick
2026-08-11,Intraday,2,Highest Priority,AVGO,SELL,94,420.9,425.33,412.02,2.0,372.41,Ambiguous Entry Candle,Ambiguous,2026-08-27,+$52.92 / +14.21%,-$39.61 / -10.64%,Review,,16,Top 3 Intraday scanner pick
2026-08-11,Intraday,3,Highest Priority,CRM,BUY,94,198.08,196.68,200.87,2.0,222.45,Ambiguous Entry Candle,Ambiguous,2026-08-27,+$25.77 / +11.58%,-$21.58 / -9.70%,Review,,16,Top 3 Intraday scanner pick
2026-08-10,Intraday,1,Highest Priority,TGT,BUY,94,149.55,147.94,152.77,2.0,154.99,Ambiguous Entry Candle,Ambiguous,2026-08-27,+$7.05 / +4.55%,-$2.22 / -1.43%,Review,,17,Top 3 Intraday scanner pick
2026-08-10,Swing,1,Highest Priority,COP,BUY,94,118.76,112.51,131.25,2.0,133.22,Target Hit First,Target,2026-08-19,+$20.71 / +15.55%,-$1.97 / -1.48%,Win,2.0,9,Top 3 Swing scanner pick
2026-08-10,Swing,2,Highest Priority,XOM,BUY,94,153.98,148.29,165.36,2.0,167.69,Target Hit First,Target,2026-08-18,+$19.40 / +11.57%,-$2.33 / -1.39%,Win,2.0,8,Top 3 Swing scanner pick
2026-08-10,Intraday,1,Highest Priority,INTC,BUY,94,101.99,100.61,104.75,2.0,109.5,Ambiguous Entry Candle,Ambiguous,2026-09-08,+$8.89 / +8.12%,-$4.75 / -4.34%,Review,,29,Top 3 Intraday scanner pick
2026-08-10,Intraday,2,Highest Priority,ORCL,BUY,94,147.3,144.14,153.63,2.0,142.27,Ambiguous Entry Candle,Ambiguous,2026-08-27,-$1.87 / -1.31%,+$11.36 / +7.98%,Review,,17,Top 3 Intraday scanner pick
2026-08-09,Swing,1,Highest Priority,COP,BUY,94,118.76,112.51,131.25,2.0,133.22,Target Hit First,Target,2026-08-19,+$20.71 / +15.55%,-$1.97 / -1.48%,Win,2.0,10,Top 3 Swing scanner pick
2026-08-09,Swing,2,Highest Priority,XOM,BUY,94,153.98,148.29,165.36,2.0,167.69,Target Hit First,Target,2026-08-18,+$19.40 / +11.57%,-$2.33 / -1.39%,Win,2.0,9,Top 3 Swing scanner pick
2026-08-09,Intraday,1,Highest Priority,INTC,BUY,94,101.99,100.61,104.75,2.0,109.5,Ambiguous Entry Candle,Ambiguous,2026-09-08,+$8.89 / +8.12%,-$4.75 / -4.34%,Review,,30,Top 3 Intraday scanner pick
2026-08-09,Intraday,2,Highest Priority,ORCL,BUY,94,147.3,144.14,153.63,2.0,142.27,Ambiguous Entry Candle,Ambiguous,2026-08-27,-$1.87 / -1.31%,+$11.36 / +7.98%,Review,,18,Top 3 Intraday scanner pick
2026-08-08,Swing,1,Highest Priority,COP,BUY,94,118.76,112.51,131.25,2.0,133.22,Target Hit First,Target,2026-08-19,+$20.71 / +15.55%,-$1.97 / -1.48%,Win,2.0,11,Top 3 Swing scanner pick
2026-08-08,Swing,2,Highest Priority,XOM,BUY,94,153.98,148.29,165.36,2.0,167.69,Target Hit First,Target,2026-08-18,+$19.40 / +11.57%,-$2.33 / -1.39%,Win,2.0,10,Top 3 Swing scanner pick
2026-08-08,Intraday,1,Highest Priority,INTC,BUY,94,101.99,100.61,104.75,2.0,109.5,Ambiguous Entry Candle,Ambiguous,2026-09-08,+$8.89 / +8.12%,-$4.75 / -4.34%,Review,,31,Top 3 Intraday scanner pick
2026-08-08,Intraday,2,Highest Priority,ORCL,BUY,94,147.3,144.14,153.63,2.0,142.27,Ambiguous Entry Candle,Ambiguous,2026-08-27,-$1.87 / -1.31%,+$11.36 / +7.98%,Review,,19,Top 3 Intraday scanner pick
2026-08-08,Intraday,1,Highest Priority,QCOM,BUY,94,167.56,166.22,170.23,2.0,173.69,Ambiguous Entry Candle,Ambiguous,2026-08-31,+$7.47 / +4.30%,-$3.46 / -1.99%,Review,,23,Top 3 Intraday scanner pick
2026-08-07,Intraday,1,Highest Priority,ADBE,BUY,94,261.16,256.44,270.61,2.0,234.26,Ambiguous Entry Candle,Ambiguous,2026-08-27,-$22.18 / -9.47%,+$36.35 / +15.52%,Review,,20,Top 3 Intraday scanner pick
2026-08-07,Intraday,2,Highest Priority,BA,SELL,94,231.34,234.53,224.94,2.0,186.21,Ambiguous Entry Candle,Ambiguous,2026-08-27,+$48.32 / +25.95%,-$38.73 / -20.80%,Review,,20,Top 3 Intraday scanner pick
2026-08-07,Intraday,3,Highest Priority,GE,SELL,94,372.18,377.23,362.08,2.0,303.86,Ambiguous Entry Candle,Ambiguous,2026-08-27,+$73.37 / +24.14%,-$58.22 / -19.16%,Review,,20,Top 3 Intraday scanner pick
2026-08-06,Intraday,1,Highest Priority,AMZN,SELL,94,271.08,273.29,266.66,2.0,258.46,Ambiguous Entry Candle,Ambiguous,2026-08-27,+$14.83 / +5.74%,-$8.20 / -3.17%,Review,,21,Top 3 Intraday scanner pick
2026-08-06,Intraday,2,Highest Priority,BA,BUY,94,241.46,238.88,246.62,2.0,186.21,Pending Trigger,,,-$52.67 / -28.29%,+$60.41 / +32.44%,,,63,Top 3 Intraday scanner pick
2026-08-06,Intraday,3,Highest Priority,EOG,SELL,94,133.81,135.6,130.23,2.0,147.09,Pending Trigger,,,-$11.49 / -7.81%,+$16.86 / +11.46%,,,63,Top 3 Intraday scanner pick
2026-08-05,Intraday,1,Highest Priority,ADBE,BUY,94,261.52,255.0,274.57,2.0,234.26,Ambiguous Entry Candle,Ambiguous,2026-08-27,-$20.74 / -8.85%,+$40.31 / +17.21%,Review,,22,Top 3 Intraday scanner pick
2026-08-05,Intraday,1,Highest Priority,AMD,BUY,94,529.65,518.16,552.64,2.0,633.35,Target Hit First,Target,2026-09-18,+$115.19 / +18.19%,-$80.71 / -12.74%,Win,2.0,44,Top 3 Intraday scanner pick
2026-08-05,Intraday,2,Highest Priority,GE,BUY,94,378.99,376.4,384.15,2.0,303.86,Pending Trigger,,,-$72.54 / -23.87%,+$80.29 / +26.42%,,,64,Top 3 Intraday scanner pick
2026-08-05,Intraday,3,Highest Priority,QCOM,BUY,94,163.78,161.36,168.62,2.0,173.69,Target Hit First,Target,2026-08-31,+$12.33 / +7.10%,-$5.07 / -2.92%,Win,2.0,26,Top 3 Intraday scanner pick
2026-08-05,Swing,1,Highest Priority,CVX,BUY,94,191.85,185.44,204.69,2.0,210.35,Target Hit First,Target,2026-08-18,+$24.91 / +11.84%,-$5.66 / -2.69%,Win,2.0,13,Top 3 Swing scanner pick
2026-08-05,Intraday,1,Highest Priority,GE,BUY,94,378.99,376.4,384.15,2.0,303.86,Pending Trigger,,,-$72.54 / -23.87%,+$80.29 / +26.42%,,,64,Top 3 Intraday scanner pick
2026-08-05,Intraday,2,Highest Priority,QCOM,BUY,94,163.78,161.36,168.62,2.0,173.69,Target Hit First,Target,2026-08-31,+$12.33 / +7.10%,-$5.07 / -2.92%,Win,2.0,26,Top 3 Intraday scanner pick
2026-08-05,Intraday,3,Highest Priority,SBUX,BUY,94,105.45,104.12,108.12,2.0,89.26,Ambiguous Entry Candle,Ambiguous,2026-08-27,-$14.86 / -16.65%,+$18.86 / +21.13%,Review,,22,Top 3 Intraday scanner pick
2026-08-04,Intraday,1,Highest Priority,AVGO,BUY,94,393.35,387.8,404.44,2.0,372.41,Pending Trigger,,,-$15.39 / -4.13%,+$32.03 / +8.60%,,,65,Top 3 Intraday scanner pick
2026-08-03,Intraday,1,Highest Priority,GOOG,BUY,94,359.6,352.43,373.94,2.0,345.97,Stop Hit First,Stop,2026-09-22,-$6.46 / -1.87%,+$27.97 / +8.08%,Loss,-1,50,Top 3 Intraday scanner pick
2026-08-03,Intraday,2,Highest Priority,GOOGL,BUY,94,359.27,352.51,372.79,2.0,349.27,Stop Hit First,Stop,2026-09-18,-$3.24 / -0.93%,+$23.52 / +6.74%,Loss,-1,46,Top 3 Intraday scanner pick
2026-08-03,Intraday,3,Highest Priority,LMT,BUY,94,584.8,578.18,598.04,2.0,502.08,Pending Trigger,,,-$76.10 / -15.16%,+$95.96 / +19.11%,,,66,Top 3 Intraday scanner pick
2026-08-02,Intraday,1,Highest Priority,GOOG,BUY,94,359.6,352.43,373.94,2.0,345.97,Stop Hit First,Stop,2026-09-22,-$6.46 / -1.87%,+$27.97 / +8.08%,Loss,-1,51,Top 3 Intraday scanner pick
2026-08-02,Intraday,2,Highest Priority,GOOGL,BUY,94,359.27,352.51,372.79,2.0,349.27,Stop Hit First,Stop,2026-09-18,-$3.24 / -0.93%,+$23.52 / +6.74%,Loss,-1,47,Top 3 Intraday scanner pick
2026-08-02,Intraday,3,Highest Priority,LMT,BUY,94,584.8,578.18,598.04,2.0,502.08,Pending Trigger,,,-$76.10 / -15.16%,+$95.96 / +19.11%,,,67,Top 3 Intraday scanner pick
2026-08-01,Intraday,1,Highest Priority,GOOG,BUY,94,359.6,352.43,373.94,2.0,345.97,Stop Hit First,Stop,2026-09-22,-$6.46 / -1.87%,+$27.97 / +8.08%,Loss,-1,52,Top 3 Intraday scanner pick
2026-08-01,Intraday,2,Highest Priority,GOOGL,BUY,94,359.27,352.51,372.79,2.0,349.27,Stop Hit First,Stop,2026-09-18,-$3.24 / -0.93%,+$23.52 / +6.74%,Loss,-1,48,Top 3 Intraday scanner pick
2026-08-01,Intraday,3,Highest Priority,LMT,BUY,94,584.8,578.18,598.04,2.0,502.08,Pending Trigger,,,-$76.10 / -15.16%,+$95.96 / +19.11%,,,68,Top 3 Intraday scanner pick
2026-07-31,Swing,1,Highest Priority,AAPL,BUY,94,335.42,317.73,370.8,2.0,338.07,Active After Trigger,,,+$20.34 / +6.02%,+$32.73 / +9.68%,,,69,Top 3 Swing scanner pick
2026-07-31,Swing,2,Highest Priority,V,BUY,94,367.73,346.83,409.54,2.0,376.23,Active After Trigger,,,+$29.40 / +7.81%,+$33.31 / +8.86%,,,69,Top 3 Swing scanner pick
2026-07-31,Intraday,2,Highest Priority,MA,BUY,94,580.76,573.3,595.69,2.0,576.24,Target Hit First,Target,2026-08-28,+$2.94 / +0.51%,+$19.45 / +3.38%,Win,2.0,28,Top 3 Intraday scanner pick
2026-07-31,Intraday,3,Highest Priority,MU,BUY,94,878.45,857.66,920.03,2.0,1072.98,Ambiguous Entry Candle,Ambiguous,2026-08-27,+$215.32 / +20.07%,-$152.95 / -14.25%,Review,,27,Top 3 Intraday scanner pick
2026-07-31,Swing,1,Highest Priority,V,BUY,94,367.73,346.83,409.54,2.0,376.23,Active After Trigger,,,+$29.40 / +7.81%,+$33.31 / +8.86%,,,69,Top 3 Swing scanner pick
2026-07-31,Intraday,1,Highest Priority,GS,BUY,94,1031.3,1020.07,1053.77,2.0,882.52,Stop Hit First,Stop,2026-09-01,-$137.55 / -15.59%,+$171.25 / +19.40%,Loss,-1,32,Top 3 Intraday scanner pick
2026-07-31,Intraday,2,Highest Priority,MU,BUY,94,878.41,857.66,919.91,2.0,1072.98,Ambiguous Entry Candle,Ambiguous,2026-08-27,+$215.32 / +20.07%,-$153.07 / -14.27%,Review,,27,Top 3 Intraday scanner pick
2026-07-31,Intraday,3,Highest Priority,NFLX,BUY,94,73.47,72.67,75.05,2.0,71.18,Ambiguous Entry Candle,Ambiguous,2026-08-27,-$1.49 / -2.09%,+$3.87 / +5.44%,Review,,27,Top 3 Intraday scanner pick
2026-07-30,Swing,1,Highest Priority,SBUX,BUY,94,108.68,101.37,123.29,2.0,89.26,Stop Hit First,Stop,2026-09-09,-$12.11 / -13.56%,+$34.03 / +38.12%,Loss,-1,41,Top 3 Swing scanner pick
2026-07-30,Intraday,1,Highest Priority,SBUX,BUY,94,106.11,103.22,111.9,2.0,89.26,Stop Hit First,Stop,2026-09-08,-$13.96 / -15.64%,+$22.64 / +25.36%,Loss,-1,40,Top 3 Intraday scanner pick
2026-07-30,Intraday,3,Highest Priority,LMT,SELL,94,567.6,577.78,547.23,2.0,502.08,Target Hit First,Target,2026-09-01,+$75.70 / +15.08%,-$45.15 / -8.99%,Win,2.0,33,Top 3 Intraday scanner pick
2026-07-30,Intraday,1,Highest Priority,ISRG,SELL,94,351.3,357.39,339.11,2.0,414.31,Stop Hit First,Stop,2026-09-09,-$56.92 / -13.74%,+$75.20 / +18.15%,Loss,-1,41,Top 3 Intraday scanner pick
2026-07-30,Intraday,2,Highest Priority,JPM,SELL,94,343.85,350.7,330.14,2.0,327.58,Stop Hit First,Stop,2026-09-15,+$23.12 / +7.06%,-$2.56 / -0.78%,Loss,-1,47,Top 3 Intraday scanner pick
2026-07-30,Intraday,3,Highest Priority,SLB,SELL,94,48.86,49.93,46.73,2.0,48.79,Stop Hit First,Stop,2026-10-05,+$1.14 / +2.33%,+$2.06 / +4.23%,Loss,-1,67,Top 3 Intraday scanner pick
2026-07-29,Intraday,1,Highest Priority,DE,SELL,94,615.35,619.2,607.65,2.0,641.79,Pending Trigger,,,-$22.59 / -3.52%,+$34.14 / +5.32%,,,71,Top 3 Intraday scanner pick
2026-07-29,Intraday,1,Highest Priority,IBM,BUY,94,228.07,225.68,232.84,2.0,220.21,Ambiguous Entry Candle,Ambiguous,2026-08-27,-$5.47 / -2.48%,+$12.63 / +5.74%,Review,,29,Top 3 Intraday scanner pick
2026-07-28,Intraday,1,Highest Priority,HON,BUY,94,249.1,243.43,260.44,2.0,205.66,Pending Trigger,,,-$37.77 / -18.37%,+$54.78 / +26.64%,,,72,Top 3 Intraday scanner pick
2026-07-28,Intraday,2,Highest Priority,IBM,BUY,94,223.96,214.8,242.27,2.0,220.21,Target Hit First,Target,2026-09-10,+$5.41 / +2.46%,+$22.06 / +10.02%,Win,2.0,44,Top 3 Intraday scanner pick
2026-07-28,Intraday,3,Highest Priority,TMO,BUY,94,577.15,555.26,620.93,2.0,638.97,Ambiguous Entry Candle,Ambiguous,2026-08-27,+$83.71 / +13.10%,-$18.04 / -2.82%,Review,,30,Top 3 Intraday scanner pick
2026-07-28,Intraday,1,Highest Priority,GE,BUY,94,362.75,358.54,371.19,2.0,303.86,Pending Trigger,,,-$54.68 / -17.99%,+$67.33 / +22.16%,,,72,Top 3 Intraday scanner pick
2026-07-28,Intraday,2,Highest Priority,NVDA,SELL,94,195.92,198.16,191.43,2.0,235.4,Pending Trigger,,,-$37.24 / -15.82%,+$43.97 / +18.68%,,,72,Top 3 Intraday scanner pick
2026-07-27,Intraday,1,Highest Priority,ADBE,BUY,94,226.97,222.38,236.16,2.0,234.26,Ambiguous Entry Candle,Ambiguous,2026-08-27,+$11.88 / +5.07%,+$1.90 / +0.81%,Review,,31,Top 3 Intraday scanner pick
2026-07-27,Intraday,2,Highest Priority,CRM,BUY,94,164.61,162.26,169.3,2.0,222.45,Ambiguous Entry Candle,Ambiguous,2026-08-27,+$60.19 / +27.06%,-$53.15 / -23.89%,Review,,31,Top 3 Intraday scanner pick
2026-07-27,Intraday,3,Highest Priority,DE,BUY,94,630.6,614.04,663.71,2.0,641.79,Target Hit First,Target,2026-09-01,+$27.75 / +4.32%,+$21.92 / +3.42%,Win,2.0,36,Top 3 Intraday scanner pick
2026-07-26,Intraday,1,Highest Priority,ADBE,BUY,94,226.97,222.38,236.16,2.0,234.26,Ambiguous Entry Candle,Ambiguous,2026-08-27,+$11.88 / +5.07%,+$1.90 / +0.81%,Review,,32,Top 3 Intraday scanner pick
2026-07-26,Intraday,2,Highest Priority,CRM,BUY,94,164.61,162.26,169.3,2.0,222.45,Ambiguous Entry Candle,Ambiguous,2026-08-27,+$60.19 / +27.06%,-$53.15 / -23.89%,Review,,32,Top 3 Intraday scanner pick
2026-07-26,Intraday,3,Highest Priority,DE,BUY,94,630.6,614.04,663.71,2.0,641.79,Target Hit First,Target,2026-09-01,+$27.75 / +4.32%,+$21.92 / +3.42%,Win,2.0,37,Top 3 Intraday scanner pick
2026-07-25,Intraday,3,Highest Priority,DE,BUY,94,630.6,614.04,663.71,2.0,641.79,Target Hit First,Target,2026-09-01,+$27.75 / +4.32%,+$21.92 / +3.42%,Win,2.0,38,Top 3 Intraday scanner pick
2026-07-25,Intraday,1,Highest Priority,ADBE,BUY,94,226.97,222.38,236.16,2.0,234.26,Ambiguous Entry Candle,Ambiguous,2026-08-27,+$11.88 / +5.07%,+$1.90 / +0.81%,Review,,33,Top 3 Intraday scanner pick
2026-07-25,Intraday,2,Highest Priority,CRM,BUY,94,164.61,162.26,169.3,2.0,222.45,Ambiguous Entry Candle,Ambiguous,2026-08-27,+$60.19 / +27.06%,-$53.15 / -23.89%,Review,,33,Top 3 Intraday scanner pick
2026-07-25,Intraday,3,Highest Priority,LOW,BUY,94,208.12,205.68,212.99,2.0,185.14,Stop Hit First,Stop,2026-08-31,-$20.54 / -11.09%,+$27.85 / +15.04%,Loss,-1,37,Top 3 Intraday scanner pick
2026-07-24,Intraday,1,Highest Priority,AMD,SELL,94,529.14,550.05,487.32,2.0,633.35,Ambiguous Entry Candle,Ambiguous,2026-08-27,-$83.30 / -13.15%,+$146.03 / +23.06%,Review,,34,Top 3 Intraday scanner pick
2026-07-24,Intraday,2,Highest Priority,LMT,BUY,94,581.44,556.79,630.74,2.0,502.08,Pending Trigger,,,-$54.71 / -10.90%,+$128.66 / +25.63%,,,76,Top 3 Intraday scanner pick
2026-07-24,Intraday,3,Highest Priority,MS,SELL,94,212.27,215.99,204.85,2.0,187.16,Stop Hit First,Stop,2026-09-01,+$28.83 / +15.40%,-$17.69 / -9.45%,Loss,-1,39,Top 3 Intraday scanner pick
2026-07-24,Intraday,1,Highest Priority,ADBE,SELL,94,210.46,213.85,203.68,2.0,234.26,Pending Trigger,,,-$20.41 / -8.71%,+$30.58 / +13.05%,,,76,Top 3 Intraday scanner pick
2026-07-24,Intraday,2,Highest Priority,BLK,SELL,94,1034.54,1048.25,1007.1,2.0,1062.11,Ambiguous Entry Candle,Ambiguous,2026-09-16,-$13.86 / -1.30%,+$55.01 / +5.18%,Review,,54,Top 3 Intraday scanner pick
2026-07-24,Intraday,3,Highest Priority,ORCL,SELL,94,119.2,121.51,114.59,2.0,142.27,Pending Trigger,,,-$20.76 / -14.59%,+$27.68 / +19.46%,,,76,Top 3 Intraday scanner pick
2026-07-23,Swing,1,Highest Priority,BAC,BUY,94,62.01,58.16,69.72,2.0,52.49,Stop Hit First,Stop,2026-09-16,-$5.67 / -10.79%,+$17.23 / +32.81%,Loss,-1,55,Top 3 Swing scanner pick
2026-07-23,Swing,2,Highest Priority,TMO,BUY,94,529.87,492.24,605.13,2.0,639.44,Target Hit First,Target,2026-08-11,+$147.20 / +23.02%,-$34.31 / -5.37%,Win,2.0,19,Top 3 Swing scanner pick
2026-07-23,Intraday,1,Highest Priority,AVGO,BUY,94,399.3,395.42,407.05,2.0,372.41,Pending Trigger,,,-$23.01 / -6.18%,+$34.64 / +9.30%,,,77,Top 3 Intraday scanner pick
2026-07-23,Intraday,2,Highest Priority,CRM,SELL,94,162.47,164.23,158.96,2.0,222.45,Pending Trigger,,,-$58.22 / -26.17%,+$63.49 / +28.54%,,,77,Top 3 Intraday scanner pick
2026-07-23,Intraday,3,Highest Priority,ISRG,SELL,94,339.93,344.38,331.02,2.0,414.31,Pending Trigger,,,-$69.93 / -16.88%,+$83.29 / +20.10%,,,77,Top 3 Intraday scanner pick
2026-07-22,Swing,1,Highest Priority,UNH,BUY,94,437.87,411.7,490.23,2.0,370.21,Pending Trigger,,,-$41.49 / -11.21%,+$120.02 / +32.42%,,,78,Top 3 Swing scanner pick
2026-07-22,Swing,2,Highest Priority,WFC,BUY,94,88.44,83.36,98.59,2.0,80.39,Stop Hit First,Stop,2026-09-22,-$2.97 / -3.69%,+$18.20 / +22.63%,Loss,-1,62,Top 3 Swing scanner pick
2026-07-22,Swing,2,Highest Priority,UNH,BUY,94,437.87,411.7,490.23,2.0,370.21,Pending Trigger,,,-$41.49 / -11.21%,+$120.02 / +32.42%,,,78,Top 3 Swing scanner pick
2026-07-22,Swing,3,Highest Priority,WFC,BUY,94,88.44,83.36,98.59,2.0,80.39,Stop Hit First,Stop,2026-09-22,-$2.97 / -3.69%,+$18.20 / +22.63%,Loss,-1,62,Top 3 Swing scanner pick
2026-07-22,Intraday,1,Highest Priority,AMD,BUY,94,546.49,539.34,560.78,2.0,633.35,Target Hit First,Target,2026-09-21,+$94.01 / +14.84%,-$72.57 / -11.46%,Win,2.0,61,Top 3 Intraday scanner pick
2026-07-22,Intraday,2,Highest Priority,GS,BUY,94,1088.3,1079.69,1105.53,2.0,882.52,Pending Trigger,,,-$197.17 / -22.34%,+$223.01 / +25.27%,,,78,Top 3 Intraday scanner pick
2026-07-22,Intraday,3,Highest Priority,ORCL,BUY,94,127.67,125.35,132.31,2.0,142.27,Ambiguous Entry Candle,Ambiguous,2026-08-27,+$16.92 / +11.89%,-$9.96 / -7.00%,Review,,36,Top 3 Intraday scanner pick
2026-07-22,Swing,1,Highest Priority,TMO,BUY,94,527.43,492.11,598.07,2.0,639.44,Target Hit First,Target,2026-08-10,+$147.33 / +23.04%,-$41.37 / -6.47%,Win,2.0,19,Top 3 Swing scanner pick
2026-07-21,Intraday,1,Highest Priority,TGT,SELL,94,138.35,140.2,134.65,2.0,154.99,Pending Trigger,,,-$14.79 / -9.54%,+$20.34 / +13.12%,,,79,Top 3 Intraday scanner pick
2026-07-21,Intraday,1,Highest Priority,DE,SELL,94,582.67,588.25,571.51,2.0,641.79,Pending Trigger,,,-$53.54 / -8.34%,+$70.28 / +10.95%,,,79,Top 3 Intraday scanner pick
2026-07-21,Intraday,2,Highest Priority,GE,SELL,94,340.03,343.35,333.38,2.0,303.86,Stop Hit First,Stop,2026-08-28,+$39.49 / +12.99%,-$29.52 / -9.71%,Loss,-1,38,Top 3 Intraday scanner pick
2026-07-20,Swing,1,Highest Priority,WMT,SELL,94,113.37,118.67,102.78,2.0,110.3,Target Hit First,Target,2026-08-21,+$8.37 / +7.59%,+$7.52 / +6.82%,Win,2.0,32,Top 3 Swing scanner pick
2026-07-20,Intraday,1,Highest Priority,SBUX,SELL,94,105.06,106.33,102.51,2.0,89.26,Target Hit First,Target,2026-09-08,+$17.07 / +19.12%,-$13.25 / -14.84%,Win,2.0,50,Top 3 Intraday scanner pick
2026-07-20,Intraday,2,Highest Priority,TGT,SELL,94,139.26,140.25,137.28,2.0,154.99,Pending Trigger,,,-$14.74 / -9.51%,+$17.71 / +11.43%,,,80,Top 3 Intraday scanner pick
2026-07-20,Intraday,3,Highest Priority,WMT,SELL,94,113.95,114.83,112.19,2.0,110.29,Ambiguous Entry Candle,Ambiguous,2026-08-27,+$4.54 / +4.12%,-$1.90 / -1.72%,Review,,38,Top 3 Intraday scanner pick
2026-07-19,Swing,1,Highest Priority,WMT,SELL,94,113.37,118.67,102.78,2.0,110.3,Target Hit First,Target,2026-08-21,+$8.37 / +7.59%,+$7.52 / +6.82%,Win,2.0,33,Top 3 Swing scanner pick
2026-07-19,Intraday,1,Highest Priority,SBUX,SELL,94,105.06,106.33,102.51,2.0,89.26,Target Hit First,Target,2026-09-08,+$17.07 / +19.12%,-$13.25 / -14.84%,Win,2.0,51,Top 3 Intraday scanner pick
2026-07-19,Intraday,2,Highest Priority,TGT,SELL,94,139.26,140.25,137.28,2.0,154.99,Pending Trigger,,,-$14.74 / -9.51%,+$17.71 / +11.43%,,,81,Top 3 Intraday scanner pick
2026-07-19,Intraday,3,Highest Priority,WMT,SELL,94,113.95,114.83,112.19,2.0,110.29,Ambiguous Entry Candle,Ambiguous,2026-08-27,+$4.54 / +4.12%,-$1.90 / -1.72%,Review,,39,Top 3 Intraday scanner pick
2026-07-18,Swing,1,Highest Priority,WMT,SELL,94,113.37,118.67,102.78,2.0,110.3,Target Hit First,Target,2026-08-21,+$8.37 / +7.59%,+$7.52 / +6.82%,Win,2.0,34,Top 3 Swing scanner pick
2026-07-18,Intraday,1,Highest Priority,SBUX,SELL,94,105.06,106.33,102.51,2.0,89.26,Target Hit First,Target,2026-09-08,+$17.07 / +19.12%,-$13.25 / -14.84%,Win,2.0,52,Top 3 Intraday scanner pick
2026-07-18,Intraday,2,Highest Priority,TGT,SELL,94,139.26,140.25,137.28,2.0,154.99,Pending Trigger,,,-$14.74 / -9.51%,+$17.71 / +11.43%,,,82,Top 3 Intraday scanner pick
2026-07-18,Intraday,3,Highest Priority,WMT,SELL,94,113.95,114.83,112.19,2.0,110.29,Ambiguous Entry Candle,Ambiguous,2026-08-27,+$4.54 / +4.12%,-$1.90 / -1.72%,Review,,40,Top 3 Intraday scanner pick
2026-07-17,Swing,1,Highest Priority,MRK,BUY,94,129.19,119.43,148.71,2.0,139.54,Target Hit First,Target,2026-08-19,+$20.11 / +14.41%,+$9.17 / +6.58%,Win,2.0,33,Top 3 Swing scanner pick
2026-07-17,Swing,2,Highest Priority,WFC,BUY,94,89.08,83.41,100.41,2.0,80.39,Stop Hit First,Stop,2026-09-22,-$3.02 / -3.75%,+$20.02 / +24.90%,Loss,-1,67,Top 3 Swing scanner pick
2026-07-17,Swing,1,Highest Priority,WFC,BUY,94,89.08,83.41,100.41,2.0,80.39,Stop Hit First,Stop,2026-09-22,-$3.02 / -3.75%,+$20.02 / +24.90%,Loss,-1,67,Top 3 Swing scanner pick
2026-07-17,Intraday,1,Highest Priority,CAT,SELL,94,870.82,885.96,840.55,2.0,808.63,Ambiguous Entry Candle,Ambiguous,2026-08-27,+$77.33 / +9.56%,-$31.92 / -3.95%,Review,,41,Top 3 Intraday scanner pick
2026-07-17,Intraday,2,Highest Priority,GS,SELL,94,1086.83,1104.65,1051.19,2.0,882.52,Ambiguous Entry Candle,Ambiguous,2026-08-27,+$222.13 / +25.17%,-$168.67 / -19.11%,Review,,41,Top 3 Intraday scanner pick
2026-07-17,Intraday,1,Highest Priority,GS,SELL,94,1086.85,1104.62,1051.31,2.0,882.52,Ambiguous Entry Candle,Ambiguous,2026-08-27,+$222.10 / +25.17%,-$168.79 / -19.13%,Review,,41,Top 3 Intraday scanner pick
2026-07-17,Intraday,2,Highest Priority,MS,SELL,94,216.99,218.67,213.61,2.0,187.16,Ambiguous Entry Candle,Ambiguous,2026-08-27,+$31.51 / +16.84%,-$26.45 / -14.13%,Review,,41,Top 3 Intraday scanner pick
2026-07-16,Swing,1,Highest Priority,WFC,BUY,94,87.8,82.33,98.75,2.0,80.39,Stop Hit First,Stop,2026-09-23,-$1.94 / -2.41%,+$18.36 / +22.83%,Loss,-1,69,Top 3 Swing scanner pick
2026-07-15,Swing,1,Highest Priority,BAC,BUY,94,61.33,56.59,70.81,2.0,52.49,Stop Hit First,Stop,2026-09-22,-$4.10 / -7.80%,+$18.32 / +34.89%,Loss,-1,69,Top 3 Swing scanner pick
2026-07-15,Swing,2,Highest Priority,JPM,BUY,94,345.42,323.51,389.23,2.0,327.58,Active After Trigger,,,+$4.07 / +1.24%,+$61.65 / +18.82%,,,85,Top 3 Swing scanner pick
2026-07-14,Intraday,1,Highest Priority,AMD,SELL,94,531.29,541.25,511.35,2.0,633.35,Ambiguous Entry Candle,Ambiguous,2026-08-27,-$92.10 / -14.54%,+$122.00 / +19.26%,Review,,44,Top 3 Intraday scanner pick
2026-07-14,Intraday,2,Highest Priority,BA,SELL,94,215.02,217.41,210.23,2.0,186.21,Ambiguous Entry Candle,Ambiguous,2026-08-27,+$31.20 / +16.76%,-$24.02 / -12.90%,Review,,44,Top 3 Intraday scanner pick
2026-07-14,Intraday,3,Highest Priority,INTC,SELL,94,102.45,103.99,99.39,2.0,109.5,Ambiguous Entry Candle,Ambiguous,2026-08-27,-$5.51 / -5.04%,+$10.11 / +9.24%,Review,,44,Top 3 Intraday scanner pick
2026-07-14,Intraday,1,Highest Priority,BA,SELL,94,215.07,217.41,210.39,2.0,186.21,Ambiguous Entry Candle,Ambiguous,2026-08-27,+$31.20 / +16.76%,-$24.18 / -12.99%,Review,,44,Top 3 Intraday scanner pick
2026-07-13,Intraday,1,Highest Priority,AMD,BUY,94,560.27,551.1,578.6,2.0,633.35,Ambiguous Entry Candle,Ambiguous,2026-09-21,+$82.25 / +12.99%,-$54.75 / -8.64%,Review,,70,Top 3 Intraday scanner pick
2026-07-13,Intraday,2,Highest Priority,NVDA,BUY,94,211.42,209.38,215.51,2.0,235.4,Ambiguous Entry Candle,Ambiguous,2026-08-27,+$26.02 / +11.05%,-$19.89 / -8.45%,Review,,45,Top 3 Intraday scanner pick
2026-07-12,Intraday,1,Highest Priority,AMD,BUY,94,560.27,551.1,578.6,2.0,633.35,Ambiguous Entry Candle,Ambiguous,2026-09-21,+$82.25 / +12.99%,-$54.75 / -8.64%,Review,,71,Top 3 Intraday scanner pick
2026-07-12,Intraday,2,Highest Priority,NVDA,BUY,94,211.42,209.38,215.51,2.0,235.4,Ambiguous Entry Candle,Ambiguous,2026-08-27,+$26.02 / +11.05%,-$19.89 / -8.45%,Review,,46,Top 3 Intraday scanner pick
2026-07-11,Intraday,1,Highest Priority,AMD,BUY,94,560.27,551.1,578.6,2.0,633.35,Ambiguous Entry Candle,Ambiguous,2026-09-21,+$82.25 / +12.99%,-$54.75 / -8.64%,Review,,72,Top 3 Intraday scanner pick
2026-07-11,Intraday,2,Highest Priority,NVDA,BUY,94,211.42,209.38,215.51,2.0,235.4,Ambiguous Entry Candle,Ambiguous,2026-08-27,+$26.02 / +11.05%,-$19.89 / -8.45%,Review,,47,Top 3 Intraday scanner pick
2026-07-11,Intraday,1,Highest Priority,CAT,BUY,94,957.28,951.59,968.67,2.0,808.63,Pending Trigger,,,-$142.96 / -17.68%,+$160.04 / +19.79%,,,89,Top 3 Intraday scanner pick
2026-07-09,Intraday,1,Highest Priority,QCOM,BUY,94,191.57,184.24,206.23,2.0,173.69,Stop Hit First,Stop,2026-09-18,-$10.55 / -6.08%,+$32.54 / +18.74%,Loss,-1,71,Top 3 Intraday scanner pick
2026-07-09,Swing,1,Highest Priority,V,BUY,94,352.25,325.48,405.8,2.0,376.23,Active After Trigger,,,+$50.75 / +13.49%,+$29.57 / +7.86%,,,91,Top 3 Swing scanner pick
2026-07-09,Intraday,1,Highest Priority,ABBV,SELL,94,251.81,254.48,246.46,2.0,265.79,Ambiguous Entry Candle,Ambiguous,2026-09-08,-$11.31 / -4.26%,+$19.33 / +7.27%,Review,,61,Top 3 Intraday scanner pick
2026-07-09,Intraday,2,Highest Priority,AXP,SELL,94,334.14,338.81,324.81,2.0,302.25,Target Hit First,Target,2026-09-01,+$36.56 / +12.10%,-$22.56 / -7.46%,Win,2.0,54,Top 3 Intraday scanner pick
2026-07-09,Intraday,3,Highest Priority,QCOM,BUY,94,187.48,184.34,193.78,2.0,173.69,Ambiguous Entry Candle,Ambiguous,2026-09-15,-$10.65 / -6.13%,+$20.09 / +11.57%,Review,,68,Top 3 Intraday scanner pick
2026-07-09,Intraday,1,Highest Priority,LMT,SELL,94,525.74,531.96,513.31,2.0,502.08,Stop Hit First,Stop,2026-09-08,+$29.88 / +5.95%,-$11.23 / -2.24%,Loss,-1,61,Top 3 Intraday scanner pick
2026-07-08,Intraday,2,Highest Priority,LOW,SELL,94,219.42,221.12,216.02,2.0,185.14,Ambiguous Entry Candle,Ambiguous,2026-08-27,+$35.98 / +19.43%,-$30.88 / -16.68%,Review,,50,Top 3 Intraday scanner pick
2026-07-08,Intraday,3,Highest Priority,META,BUY,94,619.71,604.09,650.95,2.0,718.92,Target Hit First,Target,2026-09-09,+$114.83 / +15.97%,-$67.97 / -9.45%,Win,2.0,63,Top 3 Intraday scanner pick
2026-07-08,Intraday,1,Highest Priority,AXP,SELL,94,348.99,352.69,341.6,2.0,302.25,Ambiguous Entry Candle,Ambiguous,2026-08-27,+$50.44 / +16.69%,-$39.35 / -13.02%,Review,,50,Top 3 Intraday scanner pick
2026-07-08,Intraday,2,Highest Priority,LMT,SELL,92,531.63,535.44,524.02,2.0,502.08,Ambiguous Entry Candle,Ambiguous,2026-09-02,+$33.36 / +6.64%,-$21.94 / -4.37%,Review,,56,Top 3 Intraday scanner pick
2026-07-07,Intraday,1,Highest Priority,IBM,BUY,94,300.96,297.22,308.46,2.0,220.21,Pending Trigger,,,-$77.01 / -34.97%,+$88.25 / +40.08%,,,93,Top 3 Intraday scanner pick
2026-07-07,Intraday,2,Highest Priority,LOW,BUY,94,224.26,222.21,228.35,2.0,185.14,Pending Trigger,,,-$37.07 / -20.02%,+$43.21 / +23.34%,,,93,Top 3 Intraday scanner pick
2026-07-07,Intraday,3,Highest Priority,TSLA,BUY,94,420.84,413.71,435.1,2.0,372.97,Pending Trigger,,,-$40.74 / -10.92%,+$62.13 / +16.66%,,,93,Top 3 Intraday scanner pick
2026-07-07,Intraday,1,Highest Priority,HON,BUY,94,228.21,225.2,234.24,2.0,205.66,Pending Trigger,,,-$19.54 / -9.50%,+$28.58 / +13.90%,,,93,Top 3 Intraday scanner pick
2026-07-06,Intraday,1,Highest Priority,AXP,BUY,94,352.74,348.58,361.07,2.0,302.25,Pending Trigger,,,-$46.33 / -15.33%,+$58.82 / +19.46%,,,94,Top 3 Intraday scanner pick
2026-07-06,Intraday,2,Highest Priority,COST,BUY,94,954.55,944.89,973.87,2.0,945.36,Pending Trigger,,,+$0.47 / +0.05%,+$28.51 / +3.02%,,,94,Top 3 Intraday scanner pick
2026-07-06,Intraday,3,Highest Priority,HD,BUY,94,358.91,353.86,368.99,2.0,290.74,Pending Trigger,,,-$63.12 / -21.71%,+$78.25 / +26.91%,,,94,Top 3 Intraday scanner pick
2026-07-05,Intraday,1,Highest Priority,AXP,BUY,94,352.74,348.58,361.07,2.0,302.25,Pending Trigger,,,-$46.33 / -15.33%,+$58.82 / +19.46%,,,95,Top 3 Intraday scanner pick
2026-07-05,Intraday,2,Highest Priority,COST,BUY,94,954.55,944.89,973.87,2.0,945.36,Pending Trigger,,,+$0.47 / +0.05%,+$28.51 / +3.02%,,,95,Top 3 Intraday scanner pick
2026-07-05,Intraday,3,Highest Priority,HD,BUY,94,358.91,353.86,368.99,2.0,290.74,Pending Trigger,,,-$63.12 / -21.71%,+$78.25 / +26.91%,,,95,Top 3 Intraday scanner pick
2026-07-04,Intraday,1,Highest Priority,AXP,BUY,94,352.74,348.58,361.07,2.0,302.25,Pending Trigger,,,-$46.33 / -15.33%,+$58.82 / +19.46%,,,96,Top 3 Intraday scanner pick
2026-07-04,Intraday,2,Highest Priority,COST,BUY,94,954.55,944.89,973.87,2.0,945.36,Pending Trigger,,,+$0.47 / +0.05%,+$28.51 / +3.02%,,,96,Top 3 Intraday scanner pick
2026-07-04,Intraday,3,Highest Priority,HD,BUY,94,358.91,353.86,368.99,2.0,290.74,Pending Trigger,,,-$63.12 / -21.71%,+$78.25 / +26.91%,,,96,Top 3 Intraday scanner pick
2026-07-03,Intraday,1,Highest Priority,AXP,BUY,94,352.74,348.58,361.07,2.0,302.25,Pending Trigger,,,-$46.33 / -15.33%,+$58.82 / +19.46%,,,97,Top 3 Intraday scanner pick
2026-07-03,Intraday,2,Highest Priority,COST,BUY,94,954.55,944.89,973.87,2.0,945.36,Pending Trigger,,,+$0.47 / +0.05%,+$28.51 / +3.02%,,,97,Top 3 Intraday scanner pick
2026-07-03,Intraday,3,Highest Priority,HD,BUY,94,358.91,353.86,368.99,2.0,290.74,Pending Trigger,,,-$63.12 / -21.71%,+$78.25 / +26.91%,,,97,Top 3 Intraday scanner pick
2026-07-03,Intraday,1,Highest Priority,AAPL,BUY,94,310.04,306.65,316.82,2.0,338.1,Target Hit First,Target,2026-08-28,+$31.45 / +9.30%,-$21.28 / -6.29%,Win,2.0,56,Top 3 Intraday scanner pick
2026-07-03,Intraday,2,Highest Priority,AXP,BUY,94,352.46,348.59,360.2,2.0,302.25,Pending Trigger,,,-$46.34 / -15.33%,+$57.95 / +19.17%,,,97,Top 3 Intraday scanner pick
2026-07-03,Intraday,3,Highest Priority,COST,BUY,94,954.31,944.89,973.17,2.0,945.36,Pending Trigger,,,+$0.47 / +0.05%,+$27.81 / +2.94%,,,97,Top 3 Intraday scanner pick
2026-07-02,Intraday,1,Highest Priority,ABT,SELL,94,91.79,92.72,89.91,2.0,97.35,Pending Trigger,,,-$4.63 / -4.76%,+$7.44 / +7.64%,,,98,Top 3 Intraday scanner pick
2026-07-02,Intraday,2,Highest Priority,HON,SELL,94,221.0,222.91,217.17,2.0,205.66,Target Hit First,Target,2026-08-28,+$17.25 / +8.39%,-$11.51 / -5.60%,Win,2.0,57,Top 3 Intraday scanner pick
2026-07-02,Intraday,3,Highest Priority,ISRG,SELL,94,399.96,404.23,391.42,2.0,414.31,Ambiguous Entry Candle,Ambiguous,2026-08-27,-$10.08 / -2.43%,+$22.89 / +5.52%,Review,,56,Top 3 Intraday scanner pick
2026-07-01,Intraday,1,Highest Priority,AAPL,BUY,94,290.49,286.55,298.37,2.0,338.1,Ambiguous Entry Candle,Ambiguous,2026-08-27,+$51.55 / +15.25%,-$39.73 / -11.75%,Review,,57,Top 3 Intraday scanner pick
2026-07-01,Intraday,2,Highest Priority,AMD,BUY,94,585.63,577.36,602.17,2.0,633.35,Ambiguous Entry Candle,Ambiguous,2026-09-21,+$55.99 / +8.84%,-$31.18 / -4.92%,Review,,82,Top 3 Intraday scanner pick
2026-07-01,Intraday,3,Highest Priority,TSLA,BUY,94,423.85,415.72,440.11,2.0,372.97,Pending Trigger,,,-$42.75 / -11.46%,+$67.14 / +18.00%,,,99,Top 3 Intraday scanner pick
2026-06-30,Swing,1,Highest Priority,HON,BUY,94,234.13,217.69,267.0,2.0,205.66,Stop Hit First,Stop,2026-08-21,-$12.03 / -5.85%,+$61.34 / +29.83%,Loss,-1,52,Top 3 Swing scanner pick
2026-06-30,Intraday,1,Highest Priority,AMD,BUY,94,541.38,531.05,562.04,2.0,633.35,Target Hit First,Target,2026-09-21,+$102.30 / +16.15%,-$71.31 / -11.26%,Win,2.0,83,Top 3 Intraday scanner pick
2026-06-30,Intraday,2,Highest Priority,CAT,BUY,94,1038.9,1023.37,1069.97,2.0,808.63,Pending Trigger,,,-$214.74 / -26.56%,+$261.34 / +32.32%,,,100,Top 3 Intraday scanner pick
2026-06-29,Swing,1,Highest Priority,COST,SELL,94,941.11,998.97,825.4,2.0,945.0,Active After Trigger,,,+$53.97 / +5.71%,+$119.60 / +12.66%,,,101,Top 3 Swing scanner pick
2026-06-29,Swing,2,Highest Priority,V,BUY,94,340.4,318.41,384.38,2.0,376.23,Target Hit First,Target,2026-08-26,+$57.82 / +15.37%,+$8.15 / +2.17%,Win,2.0,58,Top 3 Swing scanner pick
2026-06-29,Intraday,1,Highest Priority,INTC,SELL,94,127.25,130.21,121.32,2.0,109.5,Ambiguous Entry Candle,Ambiguous,2026-08-27,+$20.71 / +18.91%,-$11.82 / -10.79%,Review,,59,Top 3 Intraday scanner pick
2026-06-28,Swing,2,Highest Priority,V,BUY,94,340.4,318.41,384.38,2.0,376.23,Target Hit First,Target,2026-08-26,+$57.82 / +15.37%,+$8.15 / +2.17%,Win,2.0,59,Top 3 Swing scanner pick
2026-06-28,Swing,1,Highest Priority,ISRG,SELL,94,398.09,424.69,344.89,2.0,414.31,Stop Hit First,Stop,2026-07-02,+$10.38 / +2.51%,+$69.42 / +16.76%,Loss,-1,4,Top 3 Swing scanner pick
2026-06-28,Swing,1,Highest Priority,COST,SELL,94,941.11,998.97,825.4,2.0,945.0,Active After Trigger,,,+$53.97 / +5.71%,+$119.60 / +12.66%,,,102,Top 3 Swing scanner pick
2026-06-28,Swing,2,Highest Priority,HON,BUY,94,234.13,217.69,267.0,2.0,205.66,Stop Hit First,Stop,2026-08-21,-$12.03 / -5.85%,+$61.34 / +29.83%,Loss,-1,54,Top 3 Swing scanner pick
2026-06-28,Swing,3,Highest Priority,V,BUY,94,340.4,318.41,384.38,2.0,376.23,Target Hit First,Target,2026-08-26,+$57.82 / +15.37%,+$8.15 / +2.17%,Win,2.0,59,Top 3 Swing scanner pick
2026-06-28,Intraday,1,Highest Priority,INTC,SELL,94,127.25,130.21,121.32,2.0,109.5,Ambiguous Entry Candle,Ambiguous,2026-08-27,+$20.71 / +18.91%,-$11.82 / -10.79%,Review,,60,Top 3 Intraday scanner pick
2026-06-27,Swing,1,Highest Priority,ISRG,SELL,94,398.09,424.69,344.89,2.0,414.31,Stop Hit First,Stop,2026-07-02,+$10.38 / +2.51%,+$69.42 / +16.76%,Loss,-1,5,Top 3 Swing scanner pick
2026-06-27,Swing,1,Highest Priority,COST,SELL,94,943.13,998.97,831.45,2.0,945.0,Active After Trigger,,,+$53.97 / +5.71%,+$113.55 / +12.02%,,,103,Top 3 Swing scanner pick
2026-06-27,Swing,2,Highest Priority,HON,BUY,94,234.07,217.69,266.82,2.0,205.66,Stop Hit First,Stop,2026-08-21,-$12.03 / -5.85%,+$61.16 / +29.74%,Loss,-1,55,Top 3 Swing scanner pick
2026-06-27,Swing,3,Highest Priority,V,BUY,94,340.39,318.41,384.35,2.0,376.23,Target Hit First,Target,2026-08-26,+$57.82 / +15.37%,+$8.12 / +2.16%,Win,2.0,60,Top 3 Swing scanner pick
2026-06-27,Intraday,1,Highest Priority,INTC,SELL,94,127.25,130.21,121.32,2.0,109.5,Ambiguous Entry Candle,Ambiguous,2026-08-27,+$20.71 / +18.91%,-$11.82 / -10.79%,Review,,61,Top 3 Intraday scanner pick
2026-06-26,Swing,1,Highest Priority,ISRG,SELL,94,398.09,424.69,344.89,2.0,414.31,Stop Hit First,Stop,2026-07-02,+$10.38 / +2.51%,+$69.42 / +16.76%,Loss,-1,6,Top 3 Swing scanner pick
2026-06-26,Intraday,1,Highest Priority,ADBE,SELL,94,192.91,196.38,185.97,2.0,234.26,Pending Trigger,,,-$37.88 / -16.17%,+$48.29 / +20.61%,,,104,Top 3 Intraday scanner pick
2026-06-26,Intraday,2,Highest Priority,BA,SELL,94,216.73,220.37,209.43,2.0,186.21,Target Hit First,Target,2026-08-27,+$34.16 / +18.34%,-$23.22 / -12.47%,Win,2.0,62,Top 3 Intraday scanner pick
2026-06-26,Intraday,3,Highest Priority,BLK,SELL,94,967.68,979.16,944.72,2.0,1062.11,Pending Trigger,,,-$82.95 / -7.81%,+$117.39 / +11.05%,,,104,Top 3 Intraday scanner pick
2026-06-25,Intraday,1,Highest Priority,GE,BUY,94,373.25,362.86,394.01,2.0,303.86,Pending Trigger,,,-$59.00 / -19.42%,+$90.15 / +29.67%,,,105,Top 3 Intraday scanner pick
2026-06-25,Intraday,2,Highest Priority,JPM,BUY,94,337.07,331.67,347.88,2.0,327.58,Ambiguous Entry Candle,Ambiguous,2026-08-27,-$4.09 / -1.25%,+$20.30 / +6.20%,Review,,63,Top 3 Intraday scanner pick
2026-06-25,Intraday,3,Highest Priority,TSLA,SELL,94,373.15,378.86,361.74,2.0,372.97,Ambiguous Entry Candle,Ambiguous,2026-08-27,+$5.89 / +1.58%,+$11.23 / +3.01%,Review,,63,Top 3 Intraday scanner pick
2026-06-25,Intraday,1,Highest Priority,GOOG,SELL,94,342.5,349.27,328.97,2.0,345.97,Target Hit First,Target,2026-09-09,+$3.30 / +0.95%,+$17.00 / +4.91%,Win,2.0,76,Top 3 Intraday scanner pick
2026-06-25,Intraday,2,Highest Priority,PFE,SELL,94,23.98,24.21,23.52,2.0,27.49,Pending Trigger,,,-$3.28 / -11.92%,+$3.97 / +14.43%,,,105,Top 3 Intraday scanner pick
2026-06-24,Swing,1,Highest Priority,PFE,SELL,94,24.64,26.59,20.74,2.0,27.48,Stop Hit First,Stop,2026-08-07,-$0.89 / -3.24%,+$6.74 / +24.53%,Loss,-1,44,Top 3 Swing scanner pick
2026-06-24,Intraday,1,Highest Priority,BLK,SELL,94,1010.45,1026.35,978.63,2.0,1062.11,Pending Trigger,,,-$35.76 / -3.37%,+$83.48 / +7.86%,,,106,Top 3 Intraday scanner pick
2026-06-24,Intraday,2,Highest Priority,TSLA,SELL,94,379.95,386.11,367.63,2.0,372.97,Ambiguous Entry Candle,Ambiguous,2026-08-27,+$13.14 / +3.52%,+$5.34 / +1.43%,Review,,64,Top 3 Intraday scanner pick
2026-06-23,Intraday,1,Highest Priority,AMZN,SELL,94,232.32,235.18,226.61,2.0,258.46,Pending Trigger,,,-$23.28 / -9.01%,+$31.85 / +12.32%,,,107,Top 3 Intraday scanner pick
2026-06-23,Intraday,2,Highest Priority,MA,SELL,94,482.84,487.55,473.42,2.0,576.24,Pending Trigger,,,-$88.69 / -15.39%,+$102.82 / +17.84%,,,107,Top 3 Intraday scanner pick
2026-06-23,Intraday,3,Highest Priority,MSFT,SELL,94,366.34,370.81,357.38,2.0,530.83,Pending Trigger,,,-$160.02 / -30.15%,+$173.45 / +32.68%,,,107,Top 3 Intraday scanner pick
2026-06-22,Intraday,1,Highest Priority,AMD,BUY,94,540.74,528.77,564.69,2.0,633.35,Target Hit First,Target,2026-09-21,+$104.58 / +16.51%,-$68.66 / -10.84%,Win,2.0,91,Top 3 Intraday scanner pick
2026-06-22,Intraday,2,Highest Priority,AMZN,BUY,94,245.2,242.3,250.99,2.0,258.46,Ambiguous Entry Candle,Ambiguous,2026-08-27,+$16.16 / +6.25%,-$7.47 / -2.89%,Review,,66,Top 3 Intraday scanner pick
2026-06-22,Intraday,3,Highest Priority,BAC,SELL,94,55.92,56.52,54.71,2.0,52.5,Stop Hit First,Stop,2026-09-24,+$4.02 / +7.66%,-$2.21 / -4.21%,Loss,-1,94,Top 3 Intraday scanner pick
2026-06-21,Intraday,1,Highest Priority,AMD,BUY,94,540.74,528.77,564.69,2.0,633.35,Target Hit First,Target,2026-09-21,+$104.58 / +16.51%,-$68.66 / -10.84%,Win,2.0,92,Top 3 Intraday scanner pick
2026-06-21,Intraday,2,Highest Priority,AMZN,BUY,94,245.2,242.3,250.99,2.0,258.46,Ambiguous Entry Candle,Ambiguous,2026-08-27,+$16.16 / +6.25%,-$7.47 / -2.89%,Review,,67,Top 3 Intraday scanner pick
2026-06-21,Intraday,3,Highest Priority,BAC,SELL,94,55.92,56.52,54.71,2.0,52.5,Stop Hit First,Stop,2026-09-24,+$4.02 / +7.66%,-$2.21 / -4.21%,Loss,-1,95,Top 3 Intraday scanner pick
2026-06-20,Intraday,1,Highest Priority,AMD,BUY,94,540.74,528.77,564.69,2.0,633.35,Target Hit First,Target,2026-09-21,+$104.58 / +16.51%,-$68.66 / -10.84%,Win,2.0,93,Top 3 Intraday scanner pick
2026-06-20,Intraday,2,Highest Priority,AMZN,BUY,94,245.2,242.3,250.99,2.0,258.46,Ambiguous Entry Candle,Ambiguous,2026-08-27,+$16.16 / +6.25%,-$7.47 / -2.89%,Review,,68,Top 3 Intraday scanner pick
2026-06-20,Intraday,3,Highest Priority,BAC,SELL,94,55.92,56.52,54.71,2.0,52.5,Stop Hit First,Stop,2026-09-24,+$4.02 / +7.66%,-$2.21 / -4.21%,Loss,-1,96,Top 3 Intraday scanner pick
2026-06-19,Swing,1,Highest Priority,JNJ,BUY,94,235.9,224.89,257.93,2.0,252.81,Target Hit First,Target,2026-06-29,+$27.92 / +11.04%,+$5.12 / +2.03%,Win,2.0,10,Top 3 Swing scanner pick
2026-06-19,Swing,2,Highest Priority,ABBV,BUY,92,223.29,216.39,237.07,2.0,265.8,Target Hit First,Target,2026-06-24,+$49.41 / +18.59%,-$28.73 / -10.81%,Win,2.0,5,Top 3 Swing scanner pick
2026-06-19,Intraday,1,Highest Priority,AMD,BUY,94,540.74,528.77,564.69,2.0,633.35,Target Hit First,Target,2026-09-21,+$104.58 / +16.51%,-$68.66 / -10.84%,Win,2.0,94,Top 3 Intraday scanner pick
2026-06-19,Intraday,2,Highest Priority,AMZN,BUY,94,245.2,242.3,250.99,2.0,258.46,Ambiguous Entry Candle,Ambiguous,2026-08-27,+$16.16 / +6.25%,-$7.47 / -2.89%,Review,,69,Top 3 Intraday scanner pick
2026-06-19,Intraday,3,Highest Priority,BAC,SELL,94,55.92,56.52,54.71,2.0,52.5,Stop Hit First,Stop,2026-09-24,+$4.02 / +7.66%,-$2.21 / -4.21%,Loss,-1,97,Top 3 Intraday scanner pick
2026-06-18,Swing,2,Highest Priority,ABBV,BUY,92,223.29,216.39,237.07,2.0,265.8,Target Hit First,Target,2026-06-24,+$49.41 / +18.59%,-$28.73 / -10.81%,Win,2.0,6,Top 3 Swing scanner pick
2026-06-18,Swing,1,Highest Priority,JNJ,BUY,94,235.9,224.89,257.93,2.0,252.81,Target Hit First,Target,2026-06-29,+$27.92 / +11.04%,+$5.12 / +2.03%,Win,2.0,11,Top 3 Swing scanner pick
2026-06-18,Intraday,1,Highest Priority,QCOM,SELL,94,212.48,221.68,194.08,2.0,173.69,Ambiguous Entry Candle,Ambiguous,2026-08-27,+$47.99 / +27.63%,-$20.39 / -11.74%,Review,,70,Top 3 Intraday scanner pick
2026-06-18,Intraday,1,Highest Priority,TMO,SELL,94,465.05,472.09,450.96,2.0,638.97,Pending Trigger,,,-$166.88 / -26.12%,+$188.01 / +29.42%,,,112,Top 3 Intraday scanner pick
2026-06-17,Intraday,1,Highest Priority,AVGO,SELL,94,375.74,381.81,363.59,2.0,372.41,Ambiguous Entry Candle,Ambiguous,2026-08-27,+$9.40 / +2.52%,+$8.82 / +2.37%,Review,,71,Top 3 Intraday scanner pick
2026-06-17,Intraday,2,Highest Priority,META,BUY,94,602.44,594.82,617.7,2.0,718.92,Ambiguous Entry Candle,Ambiguous,2026-09-03,+$124.10 / +17.26%,-$101.22 / -14.08%,Review,,78,Top 3 Intraday scanner pick
2026-06-17,Intraday,3,Highest Priority,RTX,BUY,94,187.22,185.01,191.64,2.0,182.69,Ambiguous Entry Candle,Ambiguous,2026-08-27,-$2.32 / -1.27%,+$8.95 / +4.90%,Review,,71,Top 3 Intraday scanner pick
2026-06-17,Intraday,1,Highest Priority,CRM,SELL,94,160.91,161.93,158.87,2.0,222.45,Pending Trigger,,,-$60.52 / -27.21%,+$63.58 / +28.58%,,,113,Top 3 Intraday scanner pick
2026-06-17,Intraday,2,Highest Priority,RTX,BUY,94,186.62,184.78,190.3,2.0,182.69,Ambiguous Entry Candle,Ambiguous,2026-08-27,-$2.09 / -1.15%,+$7.61 / +4.17%,Review,,71,Top 3 Intraday scanner pick
2026-06-16,Intraday,1,Highest Priority,AVGO,BUY,94,395.79,392.04,403.29,2.0,372.41,Pending Trigger,,,-$19.63 / -5.27%,+$30.88 / +8.29%,,,114,Top 3 Intraday scanner pick
2026-06-16,Intraday,2,Highest Priority,MU,BUY,94,1090.64,1067.91,1136.09,2.0,1072.98,Stop Hit First,Stop,2026-09-23,+$5.07 / +0.47%,+$63.11 / +5.88%,Loss,-1,99,Top 3 Intraday scanner pick
2026-06-15,Intraday,1,Highest Priority,INTC,BUY,94,125.41,124.07,128.09,2.0,109.5,Ambiguous Entry Candle,Ambiguous,2026-09-24,-$14.57 / -13.30%,+$18.59 / +16.97%,Review,,101,Top 3 Intraday scanner pick
2026-06-14,Intraday,1,Highest Priority,INTC,BUY,94,125.41,124.07,128.09,2.0,109.5,Ambiguous Entry Candle,Ambiguous,2026-09-24,-$14.57 / -13.30%,+$18.59 / +16.97%,Review,,102,Top 3 Intraday scanner pick
2026-06-13,Intraday,1,Highest Priority,INTC,BUY,94,125.41,124.07,128.09,2.0,109.5,Ambiguous Entry Candle,Ambiguous,2026-09-24,-$14.57 / -13.30%,+$18.59 / +16.97%,Review,,103,Top 3 Intraday scanner pick
2026-06-12,Swing,1,Highest Priority,GS,BUY,94,1038.82,992.92,1130.64,2.0,882.41,Target Hit First,Target,2026-07-14,-$110.51 / -12.52%,+$248.23 / +28.13%,Win,2.0,32,Top 3 Swing scanner pick
2026-06-11,Intraday,1,Highest Priority,AMD,SELL,94,449.46,460.2,427.99,2.0,633.35,Stop Hit First,Stop,2026-09-04,-$173.15 / -27.34%,+$205.36 / +32.42%,Loss,-1,85,Top 3 Intraday scanner pick
2026-06-11,Intraday,2,Highest Priority,CAT,SELL,94,854.29,867.88,827.1,2.0,808.63,Ambiguous Entry Candle,Ambiguous,2026-08-27,+$59.25 / +7.33%,-$18.47 / -2.28%,Review,,77,Top 3 Intraday scanner pick
2026-06-11,Intraday,3,Highest Priority,IBM,SELL,94,271.91,276.31,263.11,2.0,220.21,Ambiguous Entry Candle,Ambiguous,2026-08-27,+$56.10 / +25.48%,-$42.90 / -19.48%,Review,,77,Top 3 Intraday scanner pick
2026-06-10,Intraday,1,Highest Priority,BAC,BUY,94,54.52,53.75,56.07,2.0,52.5,Ambiguous Entry Candle,Ambiguous,2026-08-27,-$1.25 / -2.38%,+$3.57 / +6.80%,Review,,78,Top 3 Intraday scanner pick
2026-06-10,Intraday,2,Highest Priority,RTX,BUY,94,182.29,180.19,186.51,2.0,182.69,Ambiguous Entry Candle,Ambiguous,2026-08-27,+$2.50 / +1.37%,+$3.82 / +2.09%,Review,,78,Top 3 Intraday scanner pick
2026-06-09,Intraday,1,Highest Priority,DE,SELL,94,572.08,580.31,555.64,2.0,641.79,Pending Trigger,,,-$61.48 / -9.58%,+$86.15 / +13.42%,,,121,Top 3 Intraday scanner pick
2026-06-09,Intraday,2,Highest Priority,IBM,SELL,94,278.87,282.33,271.95,2.0,220.21,Ambiguous Entry Candle,Ambiguous,2026-08-27,+$62.12 / +28.21%,-$51.74 / -23.50%,Review,,79,Top 3 Intraday scanner pick
2026-06-09,Intraday,3,Highest Priority,LOW,SELL,94,207.52,210.3,201.98,2.0,185.14,Target Hit First,Target,2026-09-01,+$25.16 / +13.59%,-$16.84 / -9.10%,Win,2.0,84,Top 3 Intraday scanner pick
2026-06-08,Intraday,1,Highest Priority,V,SELL,94,318.56,321.93,311.82,2.0,376.26,Pending Trigger,,,-$54.33 / -14.44%,+$64.44 / +17.13%,,,122,Top 3 Intraday scanner pick
2026-06-08,Swing,1,Highest Priority,UNH,BUY,94,404.85,372.74,469.07,2.0,370.21,Stop Hit First,Stop,2026-09-18,-$2.53 / -0.68%,+$98.86 / +26.70%,Loss,-1,102,Top 3 Swing scanner pick
2026-06-08,Intraday,1,Highest Priority,AMD,SELL,94,464.26,479.41,433.96,2.0,633.35,Stop Hit First,Stop,2026-09-08,-$153.94 / -24.31%,+$199.39 / +31.48%,Loss,-1,92,Top 3 Intraday scanner pick
2026-06-08,Intraday,2,Highest Priority,CAT,SELL,94,901.96,916.46,872.97,2.0,808.63,Ambiguous Entry Candle,Ambiguous,2026-08-27,+$107.83 / +13.33%,-$64.34 / -7.96%,Review,,80,Top 3 Intraday scanner pick
2026-06-08,Intraday,3,Highest Priority,NOW,SELL,94,111.66,114.62,105.73,2.0,136.85,Pending Trigger,,,-$22.23 / -16.24%,+$31.12 / +22.74%,,,122,Top 3 Intraday scanner pick
2026-06-07,Swing,1,Highest Priority,UNH,BUY,94,404.85,372.74,469.07,2.0,370.21,Stop Hit First,Stop,2026-09-18,-$2.53 / -0.68%,+$98.86 / +26.70%,Loss,-1,103,Top 3 Swing scanner pick
2026-06-07,Intraday,1,Highest Priority,AMD,SELL,94,464.26,479.41,433.96,2.0,633.35,Stop Hit First,Stop,2026-09-08,-$153.94 / -24.31%,+$199.39 / +31.48%,Loss,-1,93,Top 3 Intraday scanner pick
2026-06-07,Intraday,2,Highest Priority,CAT,SELL,94,901.96,916.46,872.97,2.0,808.63,Ambiguous Entry Candle,Ambiguous,2026-08-27,+$107.83 / +13.33%,-$64.34 / -7.96%,Review,,81,Top 3 Intraday scanner pick
2026-06-07,Intraday,3,Highest Priority,NOW,SELL,94,111.66,114.62,105.73,2.0,136.85,Pending Trigger,,,-$22.23 / -16.24%,+$31.12 / +22.74%,,,123,Top 3 Intraday scanner pick
2026-06-06,Swing,1,Highest Priority,UNH,BUY,94,404.81,372.74,468.95,2.0,370.21,Stop Hit First,Stop,2026-09-18,-$2.53 / -0.68%,+$98.74 / +26.67%,Loss,-1,104,Top 3 Swing scanner pick
2026-06-06,Intraday,1,Highest Priority,AMD,SELL,94,464.26,479.41,433.96,2.0,633.35,Stop Hit First,Stop,2026-09-08,-$153.94 / -24.31%,+$199.39 / +31.48%,Loss,-1,94,Top 3 Intraday scanner pick
2026-06-06,Intraday,2,Highest Priority,CAT,SELL,94,901.96,916.46,872.97,2.0,808.63,Ambiguous Entry Candle,Ambiguous,2026-08-27,+$107.83 / +13.33%,-$64.34 / -7.96%,Review,,82,Top 3 Intraday scanner pick
2026-06-06,Intraday,3,Highest Priority,NOW,SELL,94,111.66,114.62,105.73,2.0,136.85,Pending Trigger,,,-$22.23 / -16.24%,+$31.12 / +22.74%,,,124,Top 3 Intraday scanner pick
2026-06-05,Swing,1,Highest Priority,MRK,BUY,94,120.79,111.42,139.53,2.0,139.54,Target Hit First,Target,2026-08-19,+$28.12 / +20.15%,-$0.01 / -0.00%,Win,2.0,75,Top 3 Swing scanner pick
2026-06-05,Intraday,1,Highest Priority,SLB,BUY,94,58.24,57.36,60.0,2.0,48.79,Target Hit First,Target,2026-08-31,-$8.57 / -17.55%,+$11.21 / +22.96%,Win,2.0,87,Top 3 Intraday scanner pick
2026-06-03,Intraday,1,Highest Priority,HON,BUY,92,236.49,232.66,244.15,2.0,205.66,Pending Trigger,,,-$27.00 / -13.13%,+$38.49 / +18.72%,,,127,Top 3 Intraday scanner pick
2026-06-02,Intraday,3,Highest Priority,UPS,BUY,94,109.77,107.8,113.71,2.0,93.12,Pending Trigger,,,-$14.68 / -15.77%,+$20.59 / +22.11%,,,128,Top 3 Intraday scanner pick
2026-06-02,Intraday,1,Highest Priority,NOW,BUY,94,136.92,134.11,142.56,2.0,136.85,Target Hit First,Target,2026-08-28,+$2.74 / +2.00%,+$5.71 / +4.17%,Win,2.0,87,Top 3 Intraday scanner pick
2026-06-02,Intraday,2,Highest Priority,NVDA,BUY,94,224.88,221.18,232.29,2.0,235.4,Ambiguous Entry Candle,Ambiguous,2026-08-27,+$14.22 / +6.04%,-$3.11 / -1.32%,Review,,86,Top 3 Intraday scanner pick
2026-06-02,Intraday,3,Highest Priority,ORCL,BUY,94,249.81,242.82,263.8,2.0,142.27,Pending Trigger,,,-$100.55 / -70.67%,+$121.53 / +85.42%,,,128,Top 3 Intraday scanner pick
2026-06-01,Intraday,1,Highest Priority,ADBE,BUY,94,261.15,254.55,274.35,2.0,234.26,Ambiguous Entry Candle,Ambiguous,2026-08-27,-$20.29 / -8.66%,+$40.09 / +17.11%,Review,,87,Top 3 Intraday scanner pick
2026-06-01,Intraday,2,Highest Priority,NOW,BUY,94,124.96,121.88,131.12,2.0,136.85,Ambiguous Entry Candle,Ambiguous,2026-08-27,+$14.97 / +10.94%,-$5.73 / -4.19%,Review,,87,Top 3 Intraday scanner pick
2026-05-31,Intraday,1,Highest Priority,ADBE,BUY,94,261.15,254.55,274.35,2.0,234.26,Ambiguous Entry Candle,Ambiguous,2026-08-27,-$20.29 / -8.66%,+$40.09 / +17.11%,Review,,88,Top 3 Intraday scanner pick
2026-05-31,Intraday,2,Highest Priority,NOW,BUY,94,124.96,121.88,131.12,2.0,136.85,Ambiguous Entry Candle,Ambiguous,2026-08-27,+$14.97 / +10.94%,-$5.73 / -4.19%,Review,,88,Top 3 Intraday scanner pick
2026-05-30,Intraday,2,Highest Priority,NOW,BUY,94,124.96,121.88,131.12,2.0,136.85,Ambiguous Entry Candle,Ambiguous,2026-08-27,+$14.97 / +10.94%,-$5.73 / -4.19%,Review,,89,Top 3 Intraday scanner pick
2026-05-30,Intraday,1,Highest Priority,ADBE,BUY,94,258.91,254.58,267.57,2.0,234.26,Ambiguous Entry Candle,Ambiguous,2026-08-27,-$20.32 / -8.67%,+$33.31 / +14.22%,Review,,89,Top 3 Intraday scanner pick
2026-05-29,Intraday,1,Highest Priority,BA,BUY,94,231.69,227.92,239.23,2.0,186.21,Pending Trigger,,,-$41.71 / -22.40%,+$53.02 / +28.47%,,,132,Top 3 Intraday scanner pick
2026-05-29,Intraday,2,Highest Priority,WFC,BUY,94,77.56,76.93,78.82,2.0,80.41,Ambiguous Entry Candle,Ambiguous,2026-08-27,+$3.48 / +4.33%,-$1.59 / -1.98%,Review,,90,Top 3 Intraday scanner pick
2026-05-29,Intraday,1,Highest Priority,INTC,BUY,94,122.95,119.88,129.09,2.0,109.5,Stop Hit First,Stop,2026-09-23,-$10.38 / -9.47%,+$19.59 / +17.89%,Loss,-1,117,Top 3 Intraday scanner pick
2026-05-29,Intraday,2,Highest Priority,NVDA,BUY,92,216.86,212.66,225.27,2.0,235.4,Ambiguous Entry Candle,Ambiguous,2026-08-27,+$22.74 / +9.66%,-$10.13 / -4.30%,Review,,90,Top 3 Intraday scanner pick
2026-05-29,Intraday,1,Highest Priority,DE,BUY,94,540.72,536.01,550.13,2.0,641.79,Ambiguous Entry Candle,Ambiguous,2026-08-27,+$105.78 / +16.48%,-$91.66 / -14.28%,Review,,90,Top 3 Intraday scanner pick
2026-05-29,Intraday,2,Highest Priority,DHR,BUY,94,180.96,178.68,185.51,2.0,213.18,Ambiguous Entry Candle,Ambiguous,2026-08-27,+$34.50 / +16.19%,-$27.67 / -12.98%,Review,,90,Top 3 Intraday scanner pick
2026-05-29,Intraday,3,Highest Priority,NVDA,BUY,94,214.92,212.81,219.14,2.0,235.4,Ambiguous Entry Candle,Ambiguous,2026-08-27,+$22.59 / +9.60%,-$16.26 / -6.91%,Review,,90,Top 3 Intraday scanner pick
2026-05-28,Intraday,1,Highest Priority,BA,BUY,94,226.03,221.51,235.07,2.0,186.21,Pending Trigger,,,-$35.30 / -18.96%,+$48.86 / +26.24%,,,133,Top 3 Intraday scanner pick
2026-05-28,Intraday,2,Highest Priority,CAT,BUY,94,913.49,902.38,935.72,2.0,808.63,Pending Trigger,,,-$93.75 / -11.59%,+$127.09 / +15.72%,,,133,Top 3 Intraday scanner pick
2026-05-28,Intraday,3,Highest Priority,GE,BUY,94,319.51,315.06,328.4,2.0,303.86,Ambiguous Entry Candle,Ambiguous,2026-08-27,-$11.20 / -3.68%,+$24.54 / +8.07%,Review,,91,Top 3 Intraday scanner pick
2026-05-27,Intraday,1,Highest Priority,BA,SELL,94,218.25,219.82,215.13,2.0,186.21,Ambiguous Entry Candle,Ambiguous,2026-08-27,+$33.61 / +18.05%,-$28.92 / -15.53%,Review,,92,Top 3 Intraday scanner pick
2026-05-26,Intraday,1,Highest Priority,HON,BUY,94,228.9,227.22,232.25,2.0,205.66,Pending Trigger,,,-$21.56 / -10.48%,+$26.59 / +12.93%,,,135,Top 3 Intraday scanner pick
2026-05-26,Intraday,2,Highest Priority,MRK,BUY,94,122.88,121.34,125.95,2.0,139.54,Ambiguous Entry Candle,Ambiguous,2026-08-27,+$18.20 / +13.04%,-$13.59 / -9.74%,Review,,93,Top 3 Intraday scanner pick
2026-05-26,Intraday,3,Highest Priority,NOW,BUY,94,102.41,101.12,105.0,2.0,136.85,Ambiguous Entry Candle,Ambiguous,2026-08-27,+$35.73 / +26.11%,-$31.85 / -23.27%,Review,,93,Top 3 Intraday scanner pick
2026-05-25,Intraday,1,Highest Priority,HON,BUY,94,228.9,227.22,232.25,2.0,205.66,Pending Trigger,,,-$21.56 / -10.48%,+$26.59 / +12.93%,,,136,Top 3 Intraday scanner pick
2026-05-25,Intraday,2,Highest Priority,MRK,BUY,94,122.88,121.34,125.95,2.0,139.54,Ambiguous Entry Candle,Ambiguous,2026-08-27,+$18.20 / +13.04%,-$13.59 / -9.74%,Review,,94,Top 3 Intraday scanner pick
2026-05-25,Intraday,3,Highest Priority,NOW,BUY,94,102.41,101.12,105.0,2.0,136.85,Ambiguous Entry Candle,Ambiguous,2026-08-27,+$35.73 / +26.11%,-$31.85 / -23.27%,Review,,94,Top 3 Intraday scanner pick
2026-05-24,Intraday,1,Highest Priority,HON,BUY,94,228.9,227.22,232.25,2.0,205.66,Pending Trigger,,,-$21.56 / -10.48%,+$26.59 / +12.93%,,,137,Top 3 Intraday scanner pick
2026-05-24,Intraday,2,Highest Priority,MRK,BUY,94,122.88,121.34,125.95,2.0,139.54,Ambiguous Entry Candle,Ambiguous,2026-08-27,+$18.20 / +13.04%,-$13.59 / -9.74%,Review,,95,Top 3 Intraday scanner pick
2026-05-24,Intraday,3,Highest Priority,NOW,BUY,94,102.41,101.12,105.0,2.0,136.85,Ambiguous Entry Candle,Ambiguous,2026-08-27,+$35.73 / +26.11%,-$31.85 / -23.27%,Review,,95,Top 3 Intraday scanner pick
2026-05-23,Intraday,1,Highest Priority,HON,BUY,94,228.9,227.22,232.25,2.0,205.66,Pending Trigger,,,-$21.56 / -10.48%,+$26.59 / +12.93%,,,138,Top 3 Intraday scanner pick
2026-05-23,Intraday,2,Highest Priority,MRK,BUY,94,122.88,121.34,125.95,2.0,139.54,Ambiguous Entry Candle,Ambiguous,2026-08-27,+$18.20 / +13.04%,-$13.59 / -9.74%,Review,,96,Top 3 Intraday scanner pick
2026-05-23,Intraday,3,Highest Priority,NOW,BUY,94,102.41,101.12,105.0,2.0,136.85,Ambiguous Entry Candle,Ambiguous,2026-08-27,+$35.73 / +26.11%,-$31.85 / -23.27%,Review,,96,Top 3 Intraday scanner pick
2026-05-22,Intraday,1,Highest Priority,INTC,BUY,94,118.95,116.78,123.28,2.0,109.5,Ambiguous Entry Candle,Ambiguous,2026-09-21,-$7.28 / -6.64%,+$13.78 / +12.58%,Review,,122,Top 3 Intraday scanner pick
2026-05-22,Intraday,2,Highest Priority,NKE,BUY,94,44.51,43.84,45.85,2.0,34.27,Pending Trigger,,,-$9.57 / -27.91%,+$11.58 / +33.78%,,,139,Top 3 Intraday scanner pick
2026-05-21,Swing,2,Highest Priority,RTX,SELL,92,172.65,180.69,156.57,2.0,182.74,Stop Hit First,Stop,2026-06-05,-$2.05 / -1.12%,+$26.17 / +14.32%,Loss,-1,15,Top 3 Swing scanner pick
2026-05-21,Swing,1,Highest Priority,SCHW,SELL,94,89.55,93.87,80.9,2.0,95.76,Stop Hit First,Stop,2026-06-17,-$1.89 / -1.98%,+$14.86 / +15.52%,Loss,-1,27,Top 3 Swing scanner pick
2026-05-21,Intraday,1,Highest Priority,GE,BUY,94,301.05,297.63,307.9,2.0,303.86,Ambiguous Entry Candle,Ambiguous,2026-08-27,+$6.23 / +2.05%,+$4.04 / +1.33%,Review,,98,Top 3 Intraday scanner pick
2026-05-21,Intraday,2,Highest Priority,MS,BUY,94,198.28,196.75,201.33,2.0,187.16,Ambiguous Entry Candle,Ambiguous,2026-08-27,-$9.59 / -5.12%,+$14.17 / +7.57%,Review,,98,Top 3 Intraday scanner pick
2026-05-21,Intraday,3,Highest Priority,MSFT,BUY,94,422.92,417.57,433.64,2.0,530.83,Ambiguous Entry Candle,Ambiguous,2026-08-27,+$113.26 / +21.34%,-$97.19 / -18.31%,Review,,98,Top 3 Intraday scanner pick
2026-05-20,Swing,1,Highest Priority,ISRG,SELL,94,435.52,464.98,376.6,2.0,414.31,Target Hit First,Target,2026-07-17,+$50.67 / +12.23%,+$37.71 / +9.10%,Win,2.0,58,Top 3 Swing scanner pick
2026-05-20,Intraday,1,Highest Priority,AXP,SELL,94,307.84,310.99,301.55,2.0,302.25,Target Hit First,Target,2026-09-23,+$8.74 / +2.89%,+$0.70 / +0.23%,Win,2.0,126,Top 3 Intraday scanner pick
2026-05-20,Intraday,2,Highest Priority,INTC,BUY,94,111.28,109.68,114.49,2.0,109.5,Stop Hit First,Stop,2026-09-17,-$0.18 / -0.16%,+$4.99 / +4.55%,Loss,-1,120,Top 3 Intraday scanner pick
2026-05-20,Intraday,3,Highest Priority,LLY,BUY,94,1023.7,1009.44,1052.23,2.0,1141.45,Ambiguous Entry Candle,Ambiguous,2026-08-27,+$132.01 / +11.57%,-$89.22 / -7.82%,Review,,99,Top 3 Intraday scanner pick
2026-05-19,Intraday,1,Highest Priority,CVX,BUY,94,196.59,194.33,201.12,2.0,210.32,Target Hit First,Target,2026-08-28,+$15.99 / +7.60%,-$9.20 / -4.37%,Win,2.0,101,Top 3 Intraday scanner pick
2026-05-19,Intraday,2,Highest Priority,GOOG,SELL,94,391.41,399.57,375.07,2.0,345.97,Ambiguous Entry Candle,Ambiguous,2026-08-27,+$53.60 / +15.49%,-$29.10 / -8.41%,Review,,100,Top 3 Intraday scanner pick
2026-05-19,Intraday,3,Highest Priority,GOOGL,SELL,94,395.12,403.12,379.11,2.0,349.27,Ambiguous Entry Candle,Ambiguous,2026-08-27,+$53.85 / +15.42%,-$29.84 / -8.55%,Review,,100,Top 3 Intraday scanner pick
2026-05-18,Intraday,1,Highest Priority,GE,SELL,94,280.81,283.54,275.34,2.0,303.86,Pending Trigger,,,-$20.32 / -6.69%,+$28.52 / +9.39%,,,143,Top 3 Intraday scanner pick
2026-05-18,Intraday,2,Highest Priority,ISRG,SELL,94,419.78,428.2,402.93,2.0,414.31,Ambiguous Entry Candle,Ambiguous,2026-08-27,+$13.89 / +3.35%,+$11.38 / +2.75%,Review,,101,Top 3 Intraday scanner pick
2026-05-18,Intraday,3,Highest Priority,MU,SELL,94,722.0,747.42,671.17,2.0,1072.98,Pending Trigger,,,-$325.56 / -30.34%,+$401.81 / +37.45%,,,143,Top 3 Intraday scanner pick
2026-05-17,Intraday,1,Highest Priority,GE,SELL,94,280.81,283.54,275.34,2.0,303.86,Pending Trigger,,,-$20.32 / -6.69%,+$28.52 / +9.39%,,,144,Top 3 Intraday scanner pick
2026-05-17,Intraday,2,Highest Priority,ISRG,SELL,94,419.78,428.2,402.93,2.0,414.31,Ambiguous Entry Candle,Ambiguous,2026-08-27,+$13.89 / +3.35%,+$11.38 / +2.75%,Review,,102,Top 3 Intraday scanner pick
2026-05-17,Intraday,3,Highest Priority,MU,SELL,94,722.0,747.42,671.17,2.0,1072.98,Pending Trigger,,,-$325.56 / -30.34%,+$401.81 / +37.45%,,,144,Top 3 Intraday scanner pick
2026-05-16,Intraday,1,Highest Priority,GE,SELL,94,280.81,283.54,275.34,2.0,303.86,Pending Trigger,,,-$20.32 / -6.69%,+$28.52 / +9.39%,,,145,Top 3 Intraday scanner pick
2026-05-16,Intraday,2,Highest Priority,ISRG,SELL,94,419.78,428.2,402.93,2.0,414.31,Ambiguous Entry Candle,Ambiguous,2026-08-27,+$13.89 / +3.35%,+$11.38 / +2.75%,Review,,103,Top 3 Intraday scanner pick
2026-05-16,Intraday,3,Highest Priority,MU,SELL,94,722.0,747.42,671.17,2.0,1072.98,Pending Trigger,,,-$325.56 / -30.34%,+$401.81 / +37.45%,,,145,Top 3 Intraday scanner pick
2026-05-15,Intraday,1,Highest Priority,CAT,BUY,94,922.19,909.44,947.69,2.0,808.63,Pending Trigger,,,-$100.81 / -12.47%,+$139.06 / +17.20%,,,146,Top 3 Intraday scanner pick
2026-05-15,Intraday,2,Highest Priority,COST,BUY,94,1043.85,1032.5,1066.56,2.0,945.36,Pending Trigger,,,-$87.14 / -9.22%,+$121.20 / +12.82%,,,146,Top 3 Intraday scanner pick
2026-05-15,Intraday,3,Highest Priority,GOOGL,BUY,94,401.95,398.57,408.71,2.0,349.27,Pending Trigger,,,-$49.30 / -14.12%,+$59.44 / +17.02%,,,146,Top 3 Intraday scanner pick
2026-05-14,Swing,1,Highest Priority,AMZN,BUY,94,271.26,261.74,290.3,2.0,258.53,Stop Hit First,Stop,2026-06-01,-$3.21 / -1.24%,+$31.77 / +12.29%,Loss,-1,18,Top 3 Swing scanner pick · Fallback
2026-05-14,Swing,2,Highest Priority,AVGO,BUY,94,419.47,401.52,455.36,2.0,372.42,Target Hit First,Target,2026-06-01,-$29.10 / -7.81%,+$82.94 / +22.27%,Win,2.0,18,Top 3 Swing scanner pick · Fallback
2026-05-14,Swing,3,Highest Priority,LLY,BUY,94,1024.87,939.1,1196.39,2.0,1141.45,Target Hit First,Target,2026-06-26,+$202.35 / +17.73%,+$54.94 / +4.81%,Win,2.0,43,Top 3 Swing scanner pick · Fallback
2026-05-14,Intraday,1,Highest Priority,AMZN,BUY,94,271.26,268.89,276.0,2.0,258.46,Pending Trigger,,,-$10.43 / -4.04%,+$17.54 / +6.79%,,,147,Top 3 Intraday scanner pick
2026-05-14,Intraday,2,Highest Priority,GOOGL,BUY,94,404.16,400.7,411.06,2.0,349.27,Pending Trigger,,,-$51.43 / -14.73%,+$61.79 / +17.69%,,,147,Top 3 Intraday scanner pick
2026-05-14,Intraday,3,Highest Priority,LLY,BUY,94,1019.14,1008.99,1039.44,2.0,1141.45,Ambiguous Entry Candle,Ambiguous,2026-08-27,+$132.46 / +11.60%,-$102.01 / -8.94%,Review,,105,Top 3 Intraday scanner pick
2026-05-13,Intraday,1,Highest Priority,ADBE,SELL,94,240.22,242.85,234.96,2.0,234.26,Stop Hit First,Stop,2026-09-24,+$8.59 / +3.67%,-$0.70 / -0.30%,Loss,-1,134,Top 3 Intraday scanner pick
2026-05-13,Intraday,2,Highest Priority,DHR,SELL,94,165.92,167.39,162.96,2.0,213.18,Pending Trigger,,,-$45.79 / -21.48%,+$50.22 / +23.56%,,,148,Top 3 Intraday scanner pick
2026-05-13,Intraday,3,Highest Priority,IBM,SELL,94,218.83,220.95,214.59,2.0,220.21,Stop Hit First,Stop,2026-10-01,+$0.74 / +0.34%,+$5.62 / +2.55%,Loss,-1,141,Top 3 Intraday scanner pick
2026-05-13,Intraday,1,Highest Priority,MCD,SELL,94,274.56,278.54,266.6,2.0,234.77,Ambiguous Entry Candle,Ambiguous,2026-08-27,+$43.77 / +18.64%,-$31.83 / -13.56%,Review,,106,Top 3 Intraday scanner pick
2026-05-12,Intraday,1,Highest Priority,INTC,BUY,94,130.26,125.18,140.42,2.0,109.5,Pending Trigger,,,-$15.68 / -14.31%,+$30.92 / +28.23%,,,149,Top 3 Intraday scanner pick
2026-05-12,Intraday,2,Highest Priority,TSLA,BUY,94,446.69,437.33,465.42,2.0,372.97,Pending Trigger,,,-$64.36 / -17.26%,+$92.45 / +24.79%,,,149,Top 3 Intraday scanner pick
2026-05-11,Intraday,1,Highest Priority,MU,BUY,94,748.7,726.33,793.46,2.0,1072.98,Ambiguous Entry Candle,Ambiguous,2026-08-27,+$346.65 / +32.31%,-$279.52 / -26.05%,Review,,108,Top 3 Intraday scanner pick
2026-05-10,Intraday,1,Highest Priority,MU,BUY,94,748.7,726.33,793.46,2.0,1072.98,Ambiguous Entry Candle,Ambiguous,2026-08-27,+$346.65 / +32.31%,-$279.52 / -26.05%,Review,,109,Top 3 Intraday scanner pick
2026-05-09,Intraday,1,Highest Priority,MU,BUY,94,748.7,726.33,793.46,2.0,1072.98,Ambiguous Entry Candle,Ambiguous,2026-08-27,+$346.65 / +32.31%,-$279.52 / -26.05%,Review,,110,Top 3 Intraday scanner pick
2026-05-08,Intraday,1,Highest Priority,AVGO,SELL,94,411.49,418.42,397.61,2.0,372.41,Ambiguous Entry Candle,Ambiguous,2026-08-27,+$46.01 / +12.35%,-$25.20 / -6.77%,Review,,111,Top 3 Intraday scanner pick
2026-05-08,Intraday,2,Highest Priority,CAT,SELL,94,891.32,901.98,870.02,2.0,808.63,Ambiguous Entry Candle,Ambiguous,2026-08-27,+$93.35 / +11.54%,-$61.39 / -7.59%,Review,,111,Top 3 Intraday scanner pick
2026-05-08,Intraday,3,Highest Priority,DHR,BUY,94,176.08,173.29,181.67,2.0,213.18,Ambiguous Entry Candle,Ambiguous,2026-08-27,+$39.89 / +18.71%,-$31.51 / -14.78%,Review,,111,Top 3 Intraday scanner pick
2026-05-08,Intraday,1,Highest Priority,CAT,SELL,94,891.32,901.98,870.02,2.0,808.63,Ambiguous Entry Candle,Ambiguous,2026-08-27,+$93.35 / +11.54%,-$61.39 / -7.59%,Review,,111,Top 3 Intraday scanner pick
2026-05-08,Intraday,2,Highest Priority,TMO,BUY,94,475.63,467.92,491.04,2.0,638.97,Ambiguous Entry Candle,Ambiguous,2026-08-27,+$171.05 / +26.77%,-$147.93 / -23.15%,Review,,111,Top 3 Intraday scanner pick
2026-05-07,Swing,1,Highest Priority,MS,BUY,94,195.22,184.1,217.46,2.0,187.16,Target Hit First,Target,2026-06-04,+$3.06 / +1.63%,+$30.30 / +16.19%,Win,2.0,28,Top 3 Swing scanner pick
2026-05-07,Swing,2,Highest Priority,NVDA,BUY,94,208.68,193.36,239.33,2.0,235.4,Stop Hit First,Stop,2026-06-25,+$42.04 / +17.86%,+$3.93 / +1.67%,Loss,-1,49,Top 3 Swing scanner pick
2026-05-07,Intraday,2,Highest Priority,ORCL,BUY,94,194.68,190.91,202.22,2.0,142.27,Pending Trigger,,,-$48.64 / -34.19%,+$59.95 / +42.14%,,,154,Top 3 Intraday scanner pick
2026-05-07,Swing,1,Highest Priority,NVDA,BUY,94,208.68,193.36,239.33,2.0,235.4,Stop Hit First,Stop,2026-06-25,+$42.04 / +17.86%,+$3.93 / +1.67%,Loss,-1,49,Top 3 Swing scanner pick
2026-05-07,Intraday,1,Highest Priority,AMD,BUY,94,422.81,410.63,447.17,2.0,633.35,Ambiguous Entry Candle,Ambiguous,2026-08-27,+$222.72 / +35.17%,-$186.18 / -29.40%,Review,,112,Top 3 Intraday scanner pick
2026-05-07,Intraday,2,Highest Priority,NVDA,BUY,94,208.68,204.3,217.44,2.0,235.4,Ambiguous Entry Candle,Ambiguous,2026-08-27,+$31.10 / +13.21%,-$17.96 / -7.63%,Review,,112,Top 3 Intraday scanner pick
2026-05-07,Intraday,3,Highest Priority,ORCL,BUY,94,194.68,190.91,202.22,2.0,142.27,Pending Trigger,,,-$48.64 / -34.19%,+$59.95 / +42.14%,,,154,Top 3 Intraday scanner pick
2026-05-06,Intraday,1,Highest Priority,AMD,BUY,94,357.06,352.31,366.57,2.0,633.35,Ambiguous Entry Candle,Ambiguous,2026-08-27,+$281.04 / +44.37%,-$266.78 / -42.12%,Review,,113,Top 3 Intraday scanner pick
2026-05-06,Intraday,2,Highest Priority,NOW,BUY,94,92.25,90.67,95.42,2.0,136.85,Ambiguous Entry Candle,Ambiguous,2026-08-27,+$46.18 / +33.74%,-$41.43 / -30.27%,Review,,113,Top 3 Intraday scanner pick
2026-05-06,Intraday,3,Highest Priority,ORCL,BUY,94,186.57,182.55,194.62,2.0,142.27,Pending Trigger,,,-$40.28 / -28.31%,+$52.35 / +36.79%,,,155,Top 3 Intraday scanner pick
2026-05-06,Intraday,1,Highest Priority,NOW,BUY,94,92.25,90.67,95.42,2.0,136.85,Ambiguous Entry Candle,Ambiguous,2026-08-27,+$46.18 / +33.74%,-$41.43 / -30.27%,Review,,113,Top 3 Intraday scanner pick
2026-05-06,Intraday,2,Highest Priority,ORCL,BUY,92,186.57,182.55,194.62,2.0,142.27,Pending Trigger,,,-$40.28 / -28.31%,+$52.35 / +36.79%,,,155,Top 3 Intraday scanner pick
2026-05-05,Intraday,1,Highest Priority,HD,SELL,94,311.64,315.21,304.49,2.0,290.74,Target Hit First,Target,2026-09-10,+$24.47 / +8.41%,-$13.75 / -4.73%,Win,2.0,128,Top 3 Intraday scanner pick
2026-05-05,Intraday,2,Highest Priority,NKE,SELL,94,43.0,43.5,42.01,2.0,34.27,Ambiguous Entry Candle,Ambiguous,2026-08-27,+$9.23 / +26.92%,-$7.74 / -22.57%,Review,,114,Top 3 Intraday scanner pick
2026-05-05,Intraday,3,Highest Priority,TGT,SELL,94,127.12,128.77,123.81,2.0,154.99,Pending Trigger,,,-$26.22 / -16.92%,+$31.18 / +20.12%,,,156,Top 3 Intraday scanner pick
2026-05-05,Intraday,1,Low Priority,ABT,SELL,80,87.2,87.48,86.49,2.5,97.35,Pending Trigger,,,-$9.87 / -10.14%,+$10.86 / +11.16%,,,156,Top 3 Intraday scanner pick
2026-05-05,Intraday,2,Low Priority,BA,SELL,80,220.6,221.53,218.27,2.5,186.21,Ambiguous Entry Candle,Ambiguous,2026-08-27,+$35.32 / +18.97%,-$32.06 / -17.22%,Review,,114,Top 3 Intraday scanner pick
2026-05-05,Intraday,3,Low Priority,BLK,SELL,80,1049.68,1052.99,1041.39,2.5,1062.11,Stop Hit First,Stop,2026-09-16,-$9.12 / -0.86%,+$20.72 / +1.95%,Loss,-1,134,Top 3 Intraday scanner pick
2026-05-05,Swing,1,Highest Priority,ORCL,BUY,91,183.87,171.39,215.06,2.5,142.26,Target Hit First,Target,2026-05-29,-$29.13 / -20.48%,+$72.80 / +51.17%,Win,2.0,24,Top 3 Swing scanner pick
2026-05-05,Legacy,1,Low Priority,ABT,SELL,80,87.2,87.48,86.49,2.5,,Pending Trigger,,,,,,,0,Top 3 scanner pick
2026-05-05,Legacy,2,Low Priority,BA,SELL,80,220.6,221.53,218.27,2.5,,Pending Trigger,,,,,,,0,Top 3 scanner pick
2026-05-05,Legacy,3,Low Priority,BLK,SELL,80,1049.68,1052.99,1041.39,2.5,,Pending Trigger,,,,,,,0,Top 3 scanner pick
2026-05-05,Legacy,1,Highest Priority,ORCL,BUY,91,183.87,171.39,215.06,2.5,,Pending Trigger,,,,,,,0,Top 3 scanner pick
2026-05-02,Legacy,1,Medium Priority,MSFT,BUY,84,417.94,401.26,459.66,2.5,,Pending Trigger,,,,,,,0,Top 3 scanner pick
2026-05-02,Legacy,1,Highest Priority,MA,SELL,94,491.17,507.75,449.7,2.5,,Pending Trigger,,,,,,,0,Top 3 scanner pick
2026-05-02,Legacy,2,Highest Priority,HD,SELL,91,322.71,332.79,297.52,2.5,,Pending Trigger,,,,,,,0,Top 3 scanner pick
2026-05-02,Legacy,3,Highest Priority,MCD,SELL,91,285.79,292.59,268.79,2.5,,Pending Trigger,,,,,,,0,Top 3 scanner pick
